raceId,driverId,stop,lap,constructorId,grid,laps,position,circuitId,podium
841,1,2,36,1,2,58,2,1,1
841,2,2,30,4,18,57,12,1,0
841,4,3,42,6,5,58,4,1,0
841,13,3,48,6,8,58,7,1,0
841,15,2,37,205,20,56,13,1,0
841,16,2,37,10,16,57,9,1,0
841,17,3,41,9,3,58,5,1,0
841,18,3,37,1,4,58,6,1,0
841,20,2,36,9,1,58,1,1,1
841,67,2,29,5,10,57,8,1,0
841,153,3,35,5,12,57,11,1,0
841,808,2,36,4,6,58,3,1,1
841,814,2,36,10,14,57,10,1,0
841,816,2,38,166,22,54,14,1,0
842,1,4,52,1,2,56,8,2,0
842,2,3,39,4,6,56,3,2,1
842,3,3,40,131,9,55,12,2,0
842,4,4,46,6,5,56,6,2,0
842,5,2,34,205,19,55,15,2,0
842,10,2,34,166,21,54,16,2,0
842,13,3,38,6,7,56,5,2,0
842,16,3,32,10,17,55,11,2,0
842,17,4,43,9,3,56,4,2,0
842,18,3,38,1,4,56,2,2,1
842,20,3,41,9,1,56,1,2,1
842,30,3,42,131,11,56,9,2,0
842,67,3,32,5,12,55,13,2,0
842,153,2,32,5,13,55,14,2,0
842,155,2,36,15,10,56,7,2,0
842,808,3,44,4,8,52,17,2,0
842,814,3,37,10,14,56,10,2,0
843,1,3,38,1,3,56,1,17,1
843,2,2,30,4,16,56,12,17,0
843,3,3,39,131,4,56,5,17,0
843,4,2,32,6,5,56,7,17,0
843,5,2,40,205,19,55,16,17,0
843,10,3,39,166,22,54,21,17,0
843,13,2,33,6,6,56,6,17,0
843,15,2,42,205,20,55,19,17,0
843,16,3,47,10,11,55,15,17,0
843,17,3,40,9,18,56,3,17,1
843,18,3,37,1,2,56,4,17,0
843,20,2,31,9,1,56,2,17,1
843,22,2,35,3,15,56,13,17,0
843,24,3,45,164,23,54,22,17,0
843,30,3,39,131,14,56,8,17,0
843,39,1,23,164,24,54,23,17,0
843,67,3,33,5,9,56,14,17,0
843,155,2,30,15,13,56,10,17,0
843,808,2,37,4,10,56,9,17,0
843,813,3,40,3,17,55,18,17,0
843,814,2,32,10,8,56,11,17,0
843,815,4,50,15,12,55,17,17,0
843,816,2,34,166,21,54,20,17,0
844,1,4,46,1,4,58,4,5,0
844,2,4,46,4,9,58,7,5,0
844,3,4,44,131,3,58,5,5,0
844,4,4,46,6,5,58,3,5,1
844,5,3,53,205,18,56,19,5,0
844,13,4,46,6,10,58,11,5,0
844,15,3,39,205,19,57,18,5,0
844,16,3,40,10,12,57,13,5,0
844,17,4,45,9,2,58,2,5,1
844,18,3,39,1,6,58,6,5,0
844,20,4,47,9,1,58,1,5,1
844,22,3,40,3,11,57,15,5,0
844,24,4,37,164,20,53,22,5,0
844,30,4,45,131,8,58,12,5,0
844,39,3,45,164,22,55,21,5,0
844,67,3,40,5,16,58,9,5,0
844,153,4,55,5,17,57,16,5,0
844,155,3,38,15,24,58,10,5,0
844,808,4,45,4,7,58,8,5,0
844,813,4,45,3,14,57,17,5,0
844,815,4,42,15,15,57,14,5,0
844,816,2,33,166,23,56,20,5,0
845,1,4,49,1,3,66,2,4,1
845,2,3,50,4,24,65,8,4,0
845,3,3,42,131,7,65,7,4,0
845,4,4,39,6,4,65,5,4,0
845,10,3,53,166,20,63,19,4,0
845,15,3,43,205,18,64,18,4,0
845,16,3,48,10,17,65,13,4,0
845,17,4,47,9,1,66,4,4,0
845,18,3,48,1,5,66,3,4,1
845,20,4,48,9,2,66,1,4,1
845,22,4,54,3,19,64,17,4,0
845,30,3,41,131,10,65,6,4,0
845,39,3,47,164,22,61,21,4,0
845,67,3,42,5,11,65,14,4,0
845,153,4,50,5,13,64,16,4,0
845,155,3,44,15,14,65,10,4,0
845,808,3,41,4,6,65,11,4,0
845,813,4,53,3,9,65,15,4,0
845,814,3,51,10,16,65,12,4,0
845,815,3,47,15,12,65,9,4,0
845,816,3,49,166,23,62,20,4,0
846,1,3,49,1,9,78,6,6,0
846,2,2,69,4,15,77,8,6,0
846,3,3,53,131,7,76,11,6,0
846,4,2,34,6,4,78,2,6,1
846,5,2,52,205,17,76,14,6,0
846,15,2,46,205,18,76,13,6,0
846,16,2,68,10,14,77,7,6,0
846,17,2,55,9,3,78,4,6,0
846,18,3,48,1,2,78,3,6,1
846,20,1,16,9,1,78,1,6,1
846,22,2,68,3,11,77,9,6,0
846,24,1,32,164,23,75,16,6,0
846,39,2,33,164,22,74,17,6,0
846,67,2,62,5,16,77,10,6,0
846,155,1,34,15,12,78,5,6,0
846,813,2,54,3,8,73,18,6,0
846,814,3,32,10,13,76,12,6,0
846,816,2,63,166,21,75,15,6,0
847,3,4,53,131,6,70,11,7,0
847,10,2,51,166,21,69,16,7,0
847,13,4,53,6,3,70,6,7,0
847,15,3,52,205,18,69,17,7,0
847,17,3,50,9,4,70,3,7,1
847,18,6,51,1,7,70,1,7,1
847,20,3,53,9,1,70,2,7,1
847,22,4,50,3,16,70,9,7,0
847,24,3,52,164,20,69,13,7,0
847,30,4,52,131,8,70,4,7,0
847,37,2,52,15,17,70,12,7,0
847,39,2,51,164,22,69,14,7,0
847,67,4,50,5,15,70,10,7,0
847,153,3,51,5,24,70,8,7,0
847,155,2,53,15,13,70,7,7,0
847,808,2,53,4,10,70,5,7,0
847,814,4,53,10,11,67,18,7,0
847,816,5,52,166,23,69,15,7,0
848,1,3,42,1,3,57,4,12,0
848,2,3,40,4,9,56,10,12,0
848,3,3,45,131,7,57,7,12,0
848,4,3,45,6,4,57,2,12,1
848,5,3,42,205,19,55,19,12,0
848,10,2,42,166,21,55,21,12,0
848,13,3,48,6,5,57,5,12,0
848,15,2,34,205,20,55,20,12,0
848,16,3,43,10,10,56,9,12,0
848,17,3,42,9,2,57,3,12,1
848,18,3,48,1,6,57,6,12,0
848,20,3,47,9,1,57,1,12,1
848,22,3,40,3,13,56,12,12,0
848,24,3,43,164,22,54,23,12,0
848,30,3,31,131,8,56,17,12,0
848,39,3,44,164,24,54,24,12,0
848,67,3,45,5,17,56,13,12,0
848,153,2,42,5,18,56,8,12,0
848,155,2,33,15,14,56,16,12,0
848,808,3,39,4,11,56,15,12,0
848,813,3,44,3,15,56,18,12,0
848,814,3,44,10,12,56,14,12,0
848,815,1,25,15,16,56,11,12,0
848,816,2,37,166,23,55,22,12,0
849,1,3,37,1,10,52,4,9,0
849,2,2,30,4,16,52,8,9,0
849,3,2,30,131,9,52,6,9,0
849,4,3,39,6,3,52,1,9,1
849,10,2,30,166,20,50,16,9,0
849,13,3,41,6,4,52,5,9,0
849,16,3,40,10,11,52,11,9,0
849,17,3,38,9,1,52,3,9,1
849,20,3,36,9,2,52,2,9,1
849,22,2,31,3,15,51,13,9,0
849,24,2,31,164,23,50,18,9,0
849,30,3,31,131,13,52,9,9,0
849,153,2,31,5,18,52,10,9,0
849,808,2,38,4,14,52,12,9,0
849,813,3,35,3,7,51,14,9,0
849,814,3,26,10,6,51,15,9,0
849,815,2,32,15,12,52,7,9,0
849,816,2,28,166,22,50,17,9,0
849,817,2,28,164,24,49,19,9,0
850,1,3,51,1,2,60,1,20,1
850,3,3,53,131,6,59,7,20,0
850,4,3,53,6,4,60,2,20,1
850,5,2,50,205,18,58,16,20,0
850,10,2,48,166,19,57,17,20,0
850,13,3,59,6,5,60,5,20,0
850,16,2,48,10,8,60,6,20,0
850,17,3,56,9,1,60,3,20,1
850,20,3,59,9,3,60,4,20,0
850,30,3,56,131,10,59,8,20,0
850,67,2,36,5,24,59,15,20,0
850,153,2,43,5,16,59,12,20,0
850,155,2,48,15,17,59,9,20,0
850,808,2,46,4,9,59,10,20,0
850,812,3,51,205,20,56,20,20,0
850,813,2,35,3,13,59,14,20,0
850,814,2,51,10,12,59,13,20,0
850,815,2,41,15,15,59,11,20,0
850,816,2,49,166,21,57,18,20,0
850,817,2,49,164,22,57,19,20,0
851,1,6,56,1,2,70,4,11,0
851,3,4,54,131,7,69,9,11,0
851,4,4,47,6,5,70,3,11,1
851,10,3,53,166,20,66,17,11,0
851,13,4,58,6,4,70,6,11,0
851,16,4,53,10,8,68,14,11,0
851,17,5,53,9,6,70,5,11,0
851,18,3,42,1,3,70,1,11,1
851,20,3,41,9,1,70,2,11,1
851,22,5,52,3,15,68,13,11,0
851,24,5,51,164,21,65,20,11,0
851,67,3,43,5,23,69,8,11,0
851,153,3,47,5,16,69,10,11,0
851,155,3,62,15,13,69,11,11,0
851,808,4,53,4,12,69,12,11,0
851,813,5,53,3,17,68,16,11,0
851,814,3,42,10,11,69,7,11,0
851,815,4,44,15,10,68,15,11,0
851,816,4,51,166,24,65,19,11,0
851,817,3,43,164,22,66,18,11,0
852,3,2,30,131,5,44,6,13,0
852,4,2,29,6,8,44,4,13,0
852,5,3,33,205,16,43,15,13,0
852,10,4,35,166,19,43,18,13,0
852,13,3,32,6,4,44,8,13,0
852,15,2,31,205,18,43,14,13,0
852,16,2,31,10,15,44,7,13,0
852,17,2,31,9,3,44,2,13,1
852,18,3,32,1,13,44,3,13,1
852,20,3,30,9,1,44,1,13,1
852,22,3,40,3,14,43,16,13,0
852,24,2,27,164,22,43,19,13,0
852,30,3,31,131,24,44,5,13,0
852,155,2,29,15,12,44,12,13,0
852,808,2,30,4,10,44,9,13,0
852,811,3,21,4,7,44,13,13,0
852,813,2,29,3,21,44,10,13,0
852,814,2,30,10,17,44,11,13,0
852,816,2,36,166,20,43,17,13,0
853,1,2,34,1,2,53,4,14,0
853,4,2,34,6,4,53,3,14,1
853,5,2,35,205,20,51,13,14,0
853,10,2,38,166,21,51,15,14,0
853,13,2,41,6,6,53,6,14,0
853,15,2,24,205,19,51,14,14,0
853,18,2,33,1,3,53,2,14,1
853,20,2,35,9,1,53,1,14,1
853,22,2,32,3,13,52,12,14,0
853,30,2,37,131,8,53,5,14,0
853,67,2,40,5,16,52,10,14,0
853,153,2,41,5,18,52,7,14,0
853,811,3,40,4,10,52,9,14,0
853,813,2,37,3,14,52,11,14,0
853,814,2,31,10,11,52,8,14,0
854,1,5,48,1,4,61,5,15,0
854,3,3,29,131,7,60,7,15,0
854,4,3,49,6,5,61,4,15,0
854,5,3,47,205,19,59,16,15,0
854,13,4,41,6,6,60,9,15,0
854,16,2,29,10,9,60,8,15,0
854,17,3,47,9,2,61,3,15,1
854,18,3,48,1,3,61,2,15,1
854,20,3,49,9,1,61,1,15,1
854,22,2,30,3,12,60,13,15,0
854,24,4,46,164,24,57,20,15,0
854,67,3,49,5,14,60,12,15,0
854,153,3,35,5,16,56,21,15,0
854,155,4,53,15,17,59,14,15,0
854,808,3,47,4,18,59,17,15,0
854,811,4,48,4,15,59,15,15,0
854,813,3,45,3,13,60,11,15,0
854,814,2,29,10,10,61,6,15,0
854,815,2,29,15,11,60,10,15,0
854,816,2,28,166,22,59,18,15,0
854,817,3,27,164,23,57,19,15,0
855,1,3,35,1,3,53,5,22,0
855,3,3,41,131,23,53,10,22,0
855,4,3,37,6,5,53,2,22,1
855,5,3,37,205,18,53,18,22,0
855,10,3,36,166,21,51,20,22,0
855,13,3,36,6,4,53,7,22,0
855,15,3,38,205,19,53,19,22,0
855,16,3,37,10,11,53,11,22,0
855,17,3,34,9,6,53,4,22,0
855,18,3,36,1,2,53,1,22,1
855,20,3,33,9,1,53,3,22,1
855,22,3,37,3,13,53,17,22,0
855,24,3,35,164,24,50,23,22,0
855,30,3,41,131,8,53,6,22,0
855,153,2,36,5,16,53,15,22,0
855,155,2,24,15,7,53,13,22,0
855,808,2,39,4,10,53,9,22,0
855,811,2,35,4,9,53,16,22,0
855,813,3,41,3,14,53,14,22,0
855,814,3,35,10,12,53,12,22,0
855,815,2,37,15,17,53,8,22,0
855,816,3,37,166,20,51,21,22,0
855,817,3,38,164,22,51,22,22,0
856,1,2,33,1,1,55,2,35,1
856,3,2,27,131,7,55,8,35,0
856,4,2,37,6,6,55,5,35,0
856,5,2,38,205,19,54,14,35,0
856,10,2,41,166,21,54,18,35,0
856,13,2,34,6,5,55,6,35,0
856,15,2,36,205,20,54,17,35,0
856,16,2,35,10,10,55,11,35,0
856,17,2,33,9,4,55,3,35,1
856,18,2,34,1,3,55,4,35,0
856,20,2,34,9,2,55,1,35,1
856,22,2,31,3,18,55,12,35,0
856,24,3,38,164,23,52,21,35,0
856,67,2,36,5,13,55,9,35,0
856,153,2,37,5,11,55,7,35,0
856,155,3,42,15,14,54,15,35,0
856,811,2,30,4,15,54,13,35,0
856,814,2,31,10,9,55,10,35,0
856,815,3,53,15,17,54,16,35,0
856,816,2,38,166,22,54,20,35,0
856,817,2,41,164,24,54,19,35,0
857,1,3,45,1,5,60,7,68,0
857,3,2,45,131,7,60,6,68,0
857,4,2,39,6,3,60,3,68,1
857,5,2,41,205,18,58,14,68,0
857,15,3,54,205,19,55,19,68,0
857,16,2,35,10,8,59,9,68,0
857,17,2,37,9,2,60,4,68,0
857,18,2,46,1,4,60,2,68,1
857,20,2,47,9,1,60,1,68,1
857,22,2,35,3,15,58,15,68,0
857,30,2,50,131,11,60,5,68,0
857,39,2,50,164,24,57,17,68,0
857,153,2,46,5,10,59,8,68,0
857,808,2,33,4,16,59,11,68,0
857,811,2,56,4,14,59,12,68,0
857,814,3,39,10,12,59,13,68,0
857,815,2,34,15,20,59,10,68,0
857,816,2,55,166,21,57,16,68,0
857,817,3,56,164,23,57,18,68,0
858,1,2,40,1,2,55,1,24,1
858,3,2,48,131,7,55,6,24,0
858,4,2,43,6,5,55,2,24,1
858,5,2,39,205,17,54,17,24,0
858,10,2,44,166,19,53,19,24,0
858,13,2,40,6,6,55,5,24,0
858,15,2,42,205,18,53,18,24,0
858,16,2,36,10,9,55,8,24,0
858,17,3,54,9,4,55,4,24,0
858,18,2,36,1,3,55,3,24,1
858,22,2,34,3,24,54,12,24,0
858,24,1,24,164,22,53,20,24,0
858,30,2,42,131,8,55,7,24,0
858,153,2,34,5,15,54,15,24,0
858,155,2,33,15,16,54,10,24,0
858,808,2,38,4,12,54,13,24,0
858,811,3,36,4,14,54,16,24,0
858,813,2,30,3,23,54,14,24,0
858,814,1,27,10,10,55,9,24,0
858,815,2,27,15,11,54,11,24,0
859,3,2,42,131,6,70,7,18,0
859,4,3,54,6,5,71,4,18,0
859,5,3,49,205,19,69,16,18,0
859,13,2,45,6,7,71,5,18,0
859,15,2,42,205,20,69,18,18,0
859,16,3,45,10,8,70,6,18,0
859,17,3,58,9,2,71,1,18,1
859,18,3,52,1,3,71,3,18,1
859,20,3,59,9,1,71,2,18,1
859,22,3,53,3,12,70,14,18,0
859,30,3,51,131,10,70,15,18,0
859,67,2,42,5,14,70,12,18,0
859,153,2,48,5,13,70,11,18,0
859,155,2,43,15,16,70,9,18,0
859,808,3,45,4,15,70,10,18,0
859,811,4,48,4,9,69,17,18,0
859,814,2,40,10,11,70,8,18,0
859,815,2,44,15,17,70,13,18,0
859,816,2,41,166,23,68,19,18,0
859,817,2,41,164,22,68,20,18,0
860,1,2,36,1,1,58,3,1,1
860,3,2,31,131,7,58,12,1,0
860,4,2,34,6,12,58,5,1,0
860,8,2,37,208,17,58,7,1,0
860,10,2,36,206,20,57,14,1,0
860,17,2,37,9,5,58,4,1,0
860,18,2,36,1,2,58,1,1,1
860,20,2,37,9,6,58,2,1,1
860,155,2,36,15,13,58,6,1,0
860,811,3,47,3,14,52,16,1,0
860,813,2,37,3,8,57,13,1,0
860,814,2,33,10,15,58,10,1,0
860,815,1,24,15,22,58,8,1,0
860,817,3,38,5,10,58,9,1,0
860,818,2,37,5,11,58,11,1,0
860,819,3,51,206,21,53,15,1,0
861,1,3,41,1,1,56,3,2,1
861,3,4,39,131,7,56,13,2,0
861,4,3,40,6,8,56,1,2,1
861,5,4,38,207,24,55,18,2,0
861,8,3,40,208,10,56,5,2,0
861,10,3,39,206,20,55,17,2,0
861,13,4,38,6,12,56,15,2,0
861,17,3,39,9,4,56,4,2,0
861,18,5,39,1,2,56,14,2,0
861,20,4,47,9,5,56,11,2,0
861,30,3,39,131,3,56,10,2,0
861,37,3,39,164,22,54,22,2,0
861,39,2,37,164,23,54,21,2,0
861,807,3,40,10,16,56,9,2,0
861,808,3,39,207,19,55,16,2,0
861,811,4,39,3,13,56,6,2,0
861,813,4,39,3,11,54,19,2,0
861,814,3,39,10,14,56,7,2,0
861,815,3,41,15,9,56,2,2,1
861,817,4,37,5,15,56,12,2,0
861,818,2,40,5,18,56,8,2,0
861,819,3,39,206,21,54,20,2,0
862,1,3,38,1,7,56,3,17,1
862,3,2,34,131,1,56,1,17,1
862,4,3,38,6,9,56,9,17,0
862,5,3,29,207,18,53,23,17,0
862,8,2,28,208,4,56,14,17,0
862,10,2,36,206,20,55,19,17,0
862,13,2,41,6,12,56,13,17,0
862,17,3,34,9,6,56,4,17,0
862,18,3,39,1,5,56,2,17,1
862,20,2,31,9,11,56,5,17,0
862,37,2,31,164,22,55,21,17,0
862,39,2,32,164,23,54,22,17,0
862,154,2,32,208,10,56,6,17,0
862,155,3,38,15,3,56,10,17,0
862,807,2,30,10,16,56,15,17,0
862,808,2,29,207,19,55,18,17,0
862,811,2,29,3,14,56,7,17,0
862,813,2,33,3,13,56,8,17,0
862,814,2,32,10,15,56,12,17,0
862,815,2,35,15,8,56,11,17,0
862,817,2,33,5,17,56,17,17,0
862,818,3,41,5,24,56,16,17,0
862,819,3,48,206,21,55,20,17,0
863,1,3,36,1,2,57,8,3,0
863,3,3,36,131,5,57,5,3,0
863,4,3,37,6,9,57,7,3,0
863,5,4,38,207,16,56,17,3,0
863,8,3,39,208,11,57,2,3,1
863,10,3,38,206,23,55,19,3,0
863,13,3,38,6,14,57,9,3,0
863,17,3,39,9,3,57,4,3,0
863,18,4,53,1,4,55,18,3,0
863,20,3,39,9,1,57,1,3,1
863,30,3,37,131,22,57,10,3,0
863,37,3,38,164,20,55,20,3,0
863,39,4,45,164,24,55,21,3,0
863,154,3,40,208,7,57,3,3,1
863,155,3,50,15,12,57,13,3,0
863,807,3,36,10,13,57,12,3,0
863,808,3,39,207,18,56,16,3,0
863,811,3,38,3,15,54,22,3,0
863,814,2,33,10,10,57,6,3,0
863,815,3,37,15,8,57,11,3,0
863,817,3,38,5,6,56,15,3,0
863,818,3,40,5,17,57,14,3,0
864,1,2,35,1,24,66,8,4,0
864,3,3,40,131,6,66,7,4,0
864,4,3,44,6,2,66,2,4,1
864,5,3,43,207,19,65,16,4,0
864,8,3,48,208,4,66,3,4,1
864,10,3,47,206,21,64,18,4,0
864,13,4,45,6,16,65,15,4,0
864,17,3,40,9,11,65,11,4,0
864,18,3,38,1,10,66,9,4,0
864,20,4,42,9,7,66,6,4,0
864,37,4,51,164,22,63,19,4,0
864,154,3,51,208,3,66,4,4,0
864,155,3,41,15,9,66,5,4,0
864,807,3,39,10,13,65,10,4,0
864,808,3,44,207,18,65,17,4,0
864,813,3,41,3,1,66,1,4,1
864,814,3,42,10,12,65,14,4,0
864,817,3,39,5,15,65,13,4,0
864,818,3,40,5,14,65,12,4,0
865,1,1,29,1,3,78,5,6,0
865,3,1,27,131,2,78,2,6,1
865,4,1,30,6,5,78,3,6,1
865,5,2,73,207,17,77,13,6,0
865,8,1,29,208,8,78,9,6,0
865,10,2,54,206,19,77,14,6,0
865,13,1,31,6,7,78,6,6,0
865,17,1,29,9,1,78,1,6,1
865,18,1,38,1,12,70,16,6,0
865,20,1,46,9,9,78,4,6,0
865,39,2,74,164,22,76,15,6,0
865,807,1,29,10,10,78,8,6,0
865,811,1,29,3,13,78,10,6,0
865,814,1,35,10,14,78,7,6,0
865,815,2,39,15,23,77,11,6,0
865,818,2,70,5,16,77,12,6,0
866,1,2,50,1,2,70,1,7,1
866,3,2,38,131,5,70,6,7,0
866,4,1,19,6,3,70,5,7,0
866,5,2,42,207,17,69,18,7,0
866,8,1,40,208,12,70,8,7,0
866,10,1,24,206,21,56,21,7,0
866,13,2,58,6,6,70,10,7,0
866,17,2,52,9,4,70,7,7,0
866,18,3,52,1,10,69,16,7,0
866,20,2,63,9,1,70,4,7,0
866,154,1,21,208,7,70,2,7,1
866,155,1,24,15,11,70,9,7,0
866,807,2,42,10,13,70,12,7,0
866,808,2,43,207,18,69,19,7,0
866,811,1,23,3,16,69,17,7,0
866,813,1,29,3,22,70,13,7,0
866,814,2,44,10,8,70,11,7,0
866,815,1,41,15,15,70,3,7,1
866,817,2,58,5,14,70,14,7,0
866,818,3,47,5,19,69,15,7,0
866,819,1,28,206,23,69,20,7,0
867,1,2,28,1,2,55,19,12,0
867,3,2,46,131,6,57,6,12,0
867,4,2,28,6,11,57,1,12,1
867,5,2,27,207,16,57,14,12,0
867,8,2,28,208,5,57,2,12,1
867,13,4,53,6,13,56,16,12,0
867,17,2,38,9,19,57,4,12,0
867,18,2,26,1,9,57,8,12,0
867,30,2,41,131,12,57,3,12,1
867,37,2,28,164,21,56,17,12,0
867,39,3,39,164,22,56,18,12,0
867,807,2,28,10,8,57,5,12,0
867,808,4,47,207,20,57,13,12,0
867,811,2,24,3,14,57,10,12,0
867,813,2,28,3,3,57,12,12,0
867,814,1,23,10,10,57,7,12,0
867,815,2,25,15,15,57,9,12,0
867,817,2,37,5,17,57,11,12,0
867,819,2,28,206,23,57,15,12,0
868,1,2,28,1,8,52,8,9,0
868,3,2,37,131,11,52,15,9,0
868,4,2,37,6,1,52,2,9,1
868,5,2,29,207,19,51,17,9,0
868,8,2,34,208,6,52,5,9,0
868,10,2,38,206,20,51,18,9,0
868,13,2,35,6,5,52,4,9,0
868,17,2,33,9,2,52,1,9,1
868,18,2,31,1,16,52,10,9,0
868,20,2,31,9,4,52,3,9,1
868,30,2,34,131,3,52,7,9,0
868,37,1,27,164,21,50,20,9,0
868,39,2,35,164,22,50,21,9,0
868,154,2,26,208,9,52,6,9,0
868,155,2,37,15,17,52,11,9,0
868,807,2,35,10,14,52,12,9,0
868,811,2,30,3,13,52,9,9,0
868,813,2,12,3,7,51,16,9,0
868,817,2,29,5,12,52,13,9,0
868,818,2,32,5,23,52,14,9,0
868,819,2,32,206,24,51,19,9,0
869,3,3,50,131,21,67,10,10,0
869,4,2,41,6,1,67,1,10,1
869,5,4,53,207,16,65,19,10,0
869,8,2,38,208,10,67,3,10,1
869,10,2,40,206,22,64,22,10,0
869,13,3,47,6,13,67,12,10,0
869,17,2,40,9,8,67,8,10,0
869,18,2,40,1,6,67,2,10,1
869,20,2,41,9,2,67,5,10,0
869,30,3,52,131,3,67,7,10,0
869,37,2,45,164,23,64,21,10,0
869,39,2,46,164,24,64,23,10,0
869,154,3,42,208,19,66,18,10,0
869,155,2,43,15,12,67,4,10,0
869,807,3,46,10,4,67,9,10,0
869,808,3,50,207,18,66,16,10,0
869,811,3,47,3,14,66,17,10,0
869,813,3,57,3,5,66,15,10,0
869,814,2,39,10,9,67,11,10,0
869,815,2,40,15,17,67,6,10,0
869,817,2,38,5,11,67,13,10,0
869,818,3,45,5,15,67,14,10,0
869,819,2,43,206,20,65,20,10,0
870,1,2,40,1,1,69,1,11,1
870,3,2,40,131,13,69,10,11,0
870,4,2,43,6,6,69,5,11,0
870,5,3,56,207,19,68,17,11,0
870,8,2,45,208,5,69,2,11,1
870,10,2,40,206,22,66,21,11,0
870,13,2,43,6,7,69,9,11,0
870,17,3,55,9,11,69,8,11,0
870,18,3,45,1,4,69,6,11,0
870,20,3,58,9,3,69,4,11,0
870,37,2,41,164,23,66,22,11,0
870,154,2,39,208,2,69,3,11,1
870,155,2,40,15,15,67,18,11,0
870,807,2,39,10,10,69,11,11,0
870,808,3,51,207,20,67,19,11,0
870,811,2,42,3,9,69,7,11,0
870,813,3,52,3,8,69,13,11,0
870,814,2,38,10,12,69,12,11,0
870,815,2,47,15,14,69,14,11,0
870,817,3,47,5,18,68,15,11,0
870,818,4,64,5,16,68,16,11,0
870,819,2,39,206,21,67,20,11,0
871,3,2,36,131,23,44,11,13,0
871,5,2,27,207,18,43,17,13,0
871,8,2,28,208,3,44,3,13,1
871,10,2,25,206,20,43,15,13,0
871,13,2,27,6,14,44,5,13,0
871,17,2,27,9,12,44,6,13,0
871,18,1,20,1,1,44,1,13,1
871,20,1,21,9,10,44,2,13,1
871,30,2,35,131,13,44,7,13,0
871,37,3,27,164,21,43,18,13,0
871,155,3,24,15,2,44,13,13,0
871,807,2,27,10,11,44,4,13,0
871,808,2,26,207,19,43,14,13,0
871,811,2,39,3,17,44,12,13,0
871,814,2,26,10,9,44,10,13,0
871,817,2,28,5,16,44,9,13,0
871,818,2,29,5,15,44,8,13,0
871,819,1,18,206,22,43,16,13,0
872,1,1,23,1,1,53,1,14,1
872,3,2,38,131,6,53,7,14,0
872,4,1,20,6,10,53,3,14,1
872,5,2,39,207,17,52,14,14,0
872,8,1,17,208,7,53,5,14,0
872,10,2,32,206,19,52,17,14,0
872,13,1,19,6,3,53,4,14,0
872,17,1,21,9,11,51,20,14,0
872,20,2,34,9,5,47,22,14,0
872,30,2,37,131,4,53,6,14,0
872,37,1,22,164,23,52,18,14,0
872,39,1,23,164,21,52,19,14,0
872,155,1,20,15,8,53,9,14,0
872,807,1,27,10,24,50,21,14,0
872,808,2,40,207,18,52,15,14,0
872,811,1,24,3,13,53,10,14,0
872,813,2,35,3,22,53,11,14,0
872,814,1,21,10,9,53,8,14,0
872,815,1,29,15,12,53,2,14,1
872,816,1,27,208,15,53,13,14,0
872,817,1,24,5,14,53,12,14,0
872,819,2,35,206,20,52,16,14,0
873,3,2,33,131,10,59,5,15,0
873,4,2,29,6,5,59,3,15,1
873,5,3,45,207,19,59,15,15,0
873,8,2,32,208,12,59,6,15,0
873,10,2,25,206,20,59,12,15,0
873,13,3,33,6,13,59,8,15,0
873,17,3,40,9,7,59,11,15,0
873,18,2,33,1,4,59,2,15,1
873,20,2,33,9,3,59,1,15,1
873,37,3,40,164,24,58,17,15,0
873,154,2,33,208,8,59,7,15,0
873,155,3,50,15,17,59,13,15,0
873,807,3,50,10,11,59,14,15,0
873,808,4,40,207,18,57,19,15,0
873,811,3,33,3,22,57,18,15,0
873,814,2,33,10,6,59,4,15,0
873,815,2,40,15,14,59,10,15,0
873,817,2,31,5,15,59,9,15,0
873,819,2,32,206,21,59,16,15,0
874,1,2,31,1,9,53,5,22,0
874,5,2,41,207,17,52,15,22,0
874,8,2,30,208,7,53,6,22,0
874,10,2,40,206,18,52,16,22,0
874,13,2,36,6,10,53,2,22,1
874,17,2,26,9,2,53,9,22,0
874,18,2,35,1,8,53,4,22,0
874,20,2,37,9,1,53,1,22,1
874,30,2,36,131,23,53,11,22,0
874,37,2,36,164,20,52,18,22,0
874,154,3,22,208,4,51,19,22,0
874,155,2,31,15,3,53,3,22,1
874,807,2,31,10,15,53,7,22,0
874,808,3,48,207,22,52,17,22,0
874,811,4,34,3,16,53,14,22,0
874,813,2,33,3,12,53,8,22,0
874,814,2,32,10,11,53,12,22,0
874,817,2,34,5,14,53,10,22,0
874,818,2,35,5,19,53,13,22,0
875,1,3,42,1,3,55,10,35,0
875,4,2,34,6,4,55,3,35,1
875,5,2,33,207,19,54,17,35,0
875,8,2,35,208,5,55,5,35,0
875,10,2,31,206,20,54,18,35,0
875,13,2,35,6,6,55,4,35,0
875,17,2,32,9,1,55,2,35,1
875,20,2,35,9,2,55,1,35,1
875,30,2,32,131,10,55,13,35,0
875,39,1,18,164,23,53,20,35,0
875,154,2,31,208,7,55,7,35,0
875,807,2,32,10,8,55,6,35,0
875,808,2,32,207,18,54,16,35,0
875,811,2,32,3,17,55,15,35,0
875,813,1,21,3,15,55,14,35,0
875,814,2,28,10,14,55,12,35,0
875,815,2,33,15,12,55,11,35,0
875,817,2,34,5,21,55,9,35,0
875,818,2,38,5,16,55,8,35,0
875,819,2,34,206,24,53,19,35,0
876,1,1,32,1,3,60,4,68,0
876,3,1,27,131,10,60,11,68,0
876,4,1,29,6,5,60,2,68,1
876,5,1,32,207,20,59,18,68,0
876,8,1,27,208,7,60,7,68,0
876,10,1,31,206,21,58,20,68,0
876,13,1,28,6,6,60,6,68,0
876,17,1,30,9,2,60,3,68,1
876,18,1,25,1,4,60,5,68,0
876,20,1,33,9,1,60,1,68,1
876,30,2,33,131,14,55,22,68,0
876,39,1,26,164,23,58,21,68,0
876,154,1,36,208,11,60,9,68,0
876,155,1,36,15,17,60,14,68,0
876,807,1,28,10,12,60,8,68,0
876,808,1,31,207,19,59,17,68,0
876,811,1,26,3,13,60,10,68,0
876,813,2,30,3,9,59,16,68,0
876,814,1,28,10,16,60,12,68,0
876,817,1,27,5,15,60,13,68,0
876,818,2,33,5,18,59,15,68,0
876,819,1,28,206,24,59,19,68,0
877,4,1,28,6,6,55,2,24,1
877,5,1,28,207,18,55,13,24,0
877,8,1,31,208,4,55,1,24,1
877,10,1,27,206,21,55,14,24,0
877,13,1,26,6,8,55,7,24,0
877,18,1,29,1,5,55,4,24,0
877,20,2,37,9,24,55,3,24,1
877,30,2,41,131,13,55,11,24,0
877,37,1,28,164,22,55,17,24,0
877,155,1,25,15,15,55,6,24,0
877,808,1,27,207,20,55,16,24,0
877,811,1,32,3,14,55,8,24,0
877,813,1,29,3,3,55,5,24,0
877,814,3,39,10,12,55,9,24,0
877,815,3,44,15,11,55,15,24,0
877,817,2,38,5,16,55,10,24,0
877,818,2,33,5,17,55,12,24,0
878,1,1,20,1,2,56,1,69,1
878,3,1,34,131,17,56,13,69,0
878,4,1,20,6,7,56,3,69,1
878,5,1,21,207,22,55,18,69,0
878,8,1,24,208,4,56,6,69,0
878,10,1,21,206,19,55,19,69,0
878,13,1,26,6,11,56,4,69,0
878,18,1,35,1,12,56,5,69,0
878,20,1,21,9,1,56,2,69,1
878,30,2,39,131,5,55,16,69,0
878,37,1,24,164,23,54,21,69,0
878,39,1,25,164,24,54,22,69,0
878,154,1,9,208,8,56,7,69,0
878,155,1,13,15,16,55,14,69,0
878,807,1,17,10,6,56,8,69,0
878,808,1,23,207,21,55,17,69,0
878,811,1,20,3,10,56,10,69,0
878,813,1,21,3,9,56,9,69,0
878,814,2,30,10,13,55,15,69,0
878,815,1,22,15,15,56,11,69,0
878,817,1,30,5,18,56,12,69,0
878,819,1,26,206,20,54,20,69,0
879,3,4,50,131,9,70,15,18,0
879,4,3,56,6,7,71,2,18,1
879,5,5,59,207,20,70,14,18,0
879,8,3,53,208,8,70,10,18,0
879,10,4,56,206,21,70,16,18,0
879,13,3,55,6,5,71,3,18,1
879,17,3,55,9,3,71,4,18,0
879,18,2,57,1,2,71,1,18,1
879,20,4,54,9,4,71,6,18,0
879,30,4,54,131,13,71,7,18,0
879,37,4,55,164,24,69,17,18,0
879,39,4,55,164,23,69,18,18,0
879,155,3,54,15,14,71,9,18,0
879,807,3,58,10,6,71,5,18,0
879,808,3,54,207,19,70,11,18,0
879,814,3,57,10,10,68,19,18,0
879,817,5,61,5,15,70,13,18,0
879,818,4,56,5,17,71,8,18,0
879,819,3,55,206,22,70,12,18,0
880,1,3,42,131,3,58,5,1,0
880,4,3,39,6,5,58,2,1,1
880,8,2,34,208,7,58,1,1,1
880,13,3,36,6,4,58,4,1,0
880,16,2,46,10,12,58,7,1,0
880,17,3,38,9,2,58,6,1,0
880,18,3,37,1,10,58,9,1,0
880,20,3,37,9,1,58,3,1,1
880,154,3,37,208,8,58,10,1,0
880,814,2,33,10,9,58,8,1,0
880,815,3,41,1,15,58,11,1,0
880,818,3,44,5,13,58,12,1,0
880,819,2,33,207,22,56,16,1,0
880,820,3,34,206,20,56,17,1,0
880,821,2,27,15,18,57,13,1,0
880,822,3,40,3,16,57,14,1,0
880,823,3,34,207,21,56,18,1,0
880,824,3,50,206,19,57,15,1,0
881,1,4,41,131,4,56,3,2,1
881,3,4,42,131,6,56,4,2,0
881,8,3,34,208,10,56,7,2,0
881,13,4,47,6,2,56,5,2,0
881,17,4,43,9,5,56,2,2,1
881,18,3,35,1,7,53,17,2,0
881,20,4,42,9,1,56,1,2,1
881,154,3,35,208,11,56,6,2,0
881,807,4,44,15,12,56,8,2,0
881,815,4,54,1,9,56,9,2,0
881,817,3,33,5,13,51,18,2,0
881,818,3,43,5,17,56,10,2,0
881,819,4,43,207,20,55,14,2,0
881,820,4,41,206,21,54,16,2,0
881,821,4,51,15,14,55,12,2,0
881,822,3,40,3,18,56,11,2,0
881,823,4,42,207,22,55,15,2,0
881,824,4,43,206,19,55,13,2,0
882,1,3,37,131,1,56,3,17,1
882,4,3,41,6,3,56,1,17,1
882,8,3,34,208,2,56,2,17,1
882,13,3,36,6,5,56,6,17,0
882,18,2,49,1,8,56,5,17,0
882,20,3,51,9,9,56,4,17,0
882,154,3,37,208,6,56,9,17,0
882,807,3,36,15,10,56,10,17,0
882,813,3,39,3,14,56,14,17,0
882,814,3,53,10,11,56,8,17,0
882,815,2,31,1,12,56,11,17,0
882,817,3,38,5,7,56,7,17,0
882,818,3,43,5,15,56,12,17,0
882,819,3,33,207,20,55,16,17,0
882,820,3,33,206,19,55,17,17,0
882,822,3,51,3,16,56,13,17,0
882,823,3,37,207,21,55,18,17,0
882,824,3,32,206,18,55,15,17,0
883,1,3,38,131,9,57,5,3,0
883,3,4,44,131,1,57,9,3,0
883,4,4,39,6,3,57,8,3,0
883,8,2,34,208,8,57,2,3,1
883,13,4,36,6,4,57,15,3,0
883,16,3,42,10,6,57,13,3,0
883,17,3,37,9,7,57,7,3,0
883,18,4,46,1,10,57,10,3,0
883,20,3,42,9,2,57,1,3,1
883,154,3,42,208,11,57,3,3,1
883,807,3,41,15,14,57,12,3,0
883,813,3,39,3,17,57,11,3,0
883,814,2,36,10,5,57,4,3,0
883,815,3,39,1,12,57,6,3,0
883,817,3,41,5,13,56,16,3,0
883,819,3,35,207,18,56,17,3,0
883,820,4,46,206,21,56,20,3,0
883,821,4,43,15,22,56,18,3,0
883,822,3,47,3,15,57,14,3,0
883,823,5,47,207,20,55,21,3,0
883,824,4,48,206,19,56,19,3,0
884,1,4,50,131,2,65,12,4,0
884,3,3,47,131,1,66,6,4,0
884,4,4,49,6,5,66,1,4,1
884,8,3,45,208,4,66,2,4,1
884,13,4,51,6,9,66,3,4,1
884,16,4,49,10,13,65,13,4,0
884,17,4,50,9,7,66,5,4,0
884,18,3,46,1,14,66,8,4,0
884,20,4,51,9,3,66,4,4,0
884,807,6,53,15,15,65,15,4,0
884,813,5,53,3,17,65,14,4,0
884,814,4,53,10,10,66,7,4,0
884,815,4,50,1,8,66,9,4,0
884,817,4,51,5,11,65,10,4,0
884,818,4,37,5,12,52,20,4,0
884,819,3,41,207,22,65,17,4,0
884,820,3,47,206,21,64,19,4,0
884,821,4,54,15,19,65,11,4,0
884,822,3,43,3,16,65,16,4,0
884,823,2,20,207,18,21,21,4,0
884,824,4,46,206,20,64,18,4,0
885,1,1,31,131,2,78,4,6,0
885,3,1,31,131,1,78,1,6,1
885,4,1,28,6,6,78,7,6,0
885,8,2,70,208,5,78,10,6,0
885,16,1,30,10,8,78,5,6,0
885,17,1,25,9,4,78,3,6,1
885,18,1,26,1,9,78,6,6,0
885,20,1,30,9,3,78,2,6,1
885,807,1,27,15,11,78,11,6,0
885,814,1,9,10,17,78,9,6,0
885,815,1,29,1,7,72,16,6,0
885,818,1,29,5,10,78,8,6,0
885,820,3,63,206,22,78,14,6,0
885,821,2,63,15,19,78,13,6,0
885,822,1,30,3,14,78,12,6,0
885,823,3,35,207,15,78,15,6,0
886,1,2,48,131,2,70,3,7,1
886,3,3,57,131,4,70,5,7,0
886,4,2,47,6,6,70,2,7,1
886,8,1,22,208,10,69,9,7,0
886,13,2,41,6,16,69,8,7,0
886,16,3,61,10,8,69,10,7,0
886,17,2,46,9,5,70,4,7,0
886,18,1,27,1,14,69,12,7,0
886,20,2,49,9,1,70,1,7,1
886,154,2,53,208,22,69,13,7,0
886,813,3,49,3,13,68,16,7,0
886,814,1,56,10,17,69,7,7,0
886,815,2,43,1,12,69,11,7,0
886,817,2,39,5,11,68,15,7,0
886,818,2,57,5,7,69,6,7,0
886,819,2,36,207,18,67,18,7,0
886,820,1,38,206,20,67,19,7,0
886,821,2,63,15,15,63,20,7,0
886,822,2,40,3,3,69,14,7,0
886,824,1,41,206,19,68,17,7,0
887,1,2,36,131,1,52,4,9,0
887,3,3,42,131,2,52,1,9,1
887,4,3,41,6,9,52,3,9,1
887,8,2,29,208,8,52,5,9,0
887,13,4,42,6,11,52,6,9,0
887,16,2,33,10,6,52,7,9,0
887,17,3,42,9,4,52,2,9,1
887,18,2,32,1,10,52,13,9,0
887,154,3,42,208,7,51,19,9,0
887,807,3,37,15,14,52,10,9,0
887,813,2,37,3,15,52,11,9,0
887,814,3,42,10,21,52,9,9,0
887,815,2,33,1,13,46,20,9,0
887,817,2,32,5,5,52,8,9,0
887,819,2,34,207,18,52,15,9,0
887,820,2,32,206,20,52,17,9,0
887,821,4,40,15,17,52,14,9,0
887,822,2,38,3,16,52,12,9,0
887,823,3,40,207,22,52,18,9,0
887,824,2,33,206,19,52,16,9,0
888,1,3,45,131,1,60,5,20,0
888,3,3,48,131,11,60,9,20,0
888,4,3,49,6,8,60,4,20,0
888,8,3,49,208,4,60,2,20,1
888,16,3,43,10,15,60,13,20,0
888,17,3,38,9,3,60,7,20,0
888,18,2,47,1,9,60,6,20,0
888,20,3,41,9,2,60,1,20,1
888,154,3,40,208,5,60,3,20,1
888,807,3,49,15,10,60,10,20,0
888,813,2,50,3,18,60,15,20,0
888,814,2,24,10,12,60,11,20,0
888,815,2,24,1,13,60,8,20,0
888,817,3,40,5,6,60,12,20,0
888,819,3,34,207,22,59,17,20,0
888,820,4,37,206,21,59,19,20,0
888,821,3,41,15,14,60,14,20,0
888,822,2,54,3,17,59,16,20,0
888,823,3,38,207,20,59,18,20,0
890,1,3,50,131,1,70,1,11,1
890,3,3,48,131,4,64,19,11,0
890,4,3,48,6,5,70,5,11,0
890,8,2,42,208,6,70,2,11,1
890,13,3,48,6,7,70,8,11,0
890,17,3,59,9,10,70,4,11,0
890,18,2,37,1,13,70,7,11,0
890,20,3,55,9,2,70,3,11,1
890,154,4,47,208,3,70,6,11,0
890,807,3,40,15,12,69,11,11,0
890,813,3,51,3,15,69,10,11,0
890,814,3,48,10,18,66,18,11,0
890,815,2,38,1,9,69,9,11,0
890,817,2,38,5,8,69,13,11,0
890,818,3,50,5,14,69,12,11,0
890,819,2,38,207,19,68,15,11,0
890,820,3,50,206,22,67,17,11,0
890,823,3,44,207,20,68,14,11,0
890,824,3,46,206,21,67,16,11,0
891,1,2,26,131,1,44,3,13,1
891,3,2,25,131,4,44,4,13,0
891,4,2,28,6,9,44,2,13,1
891,13,2,26,6,10,44,7,13,0
891,16,2,26,10,12,44,9,13,0
891,17,2,29,9,3,44,5,13,0
891,18,2,34,1,6,44,6,13,0
891,20,2,30,9,2,44,1,13,1
891,154,1,22,208,7,44,8,13,0
891,807,2,24,15,11,44,13,13,0
891,813,3,38,3,17,43,17,13,0
891,815,2,18,1,13,44,11,13,0
891,817,2,33,5,19,44,10,13,0
891,818,2,24,5,18,44,12,13,0
891,820,3,32,206,16,42,19,13,0
891,821,3,41,15,21,44,14,13,0
891,822,2,28,3,20,44,15,13,0
891,823,2,29,207,14,43,16,13,0
891,824,2,28,206,15,43,18,13,0
892,1,2,38,131,12,53,9,14,0
892,3,1,26,131,6,53,6,14,0
892,4,1,27,6,5,53,2,14,1
892,8,2,30,208,11,53,11,14,0
892,13,1,24,6,4,53,4,14,0
892,16,1,24,10,17,52,16,14,0
892,17,1,23,9,2,53,3,14,1
892,18,1,21,1,9,53,10,14,0
892,20,1,23,9,1,53,1,14,1
892,154,1,20,208,13,53,8,14,0
892,807,1,24,15,3,53,5,14,0
892,813,1,24,3,14,53,14,14,0
892,815,1,22,1,8,53,12,14,0
892,817,1,22,5,7,53,7,14,0
892,819,2,38,207,20,52,17,14,0
892,820,1,23,206,22,52,20,14,0
892,821,1,27,15,16,53,13,14,0
892,822,1,25,3,18,53,15,14,0
892,823,2,39,207,19,52,18,14,0
892,824,1,22,206,21,52,19,14,0
893,1,2,43,131,5,61,5,15,0
893,3,2,41,131,2,61,4,15,0
893,4,2,25,6,7,61,2,15,1
893,8,2,25,208,13,61,3,15,1
893,13,3,42,6,6,61,6,15,0
893,16,3,40,10,15,61,10,15,0
893,17,2,40,9,4,60,15,15,0
893,18,2,25,1,8,61,7,15,0
893,20,2,44,9,1,61,1,15,1
893,807,2,25,15,11,61,9,15,0
893,813,3,41,3,18,61,11,15,0
893,814,2,42,10,17,54,20,15,0
893,815,2,25,1,14,61,8,15,0
893,818,3,39,5,12,61,14,15,0
893,819,3,54,207,19,60,19,15,0
893,820,3,41,206,22,60,17,15,0
893,821,2,25,15,10,61,12,15,0
893,822,3,42,3,16,61,13,15,0
893,823,3,42,207,20,60,16,15,0
893,824,4,40,206,21,60,18,15,0
894,1,2,29,131,2,55,5,35,0
894,3,2,28,131,4,55,7,35,0
894,4,2,28,6,5,55,6,35,0
894,8,2,25,208,9,55,2,35,1
894,13,2,29,6,6,55,9,35,0
894,16,4,41,10,14,50,20,35,0
894,18,2,22,1,11,55,8,35,0
894,20,2,31,9,1,55,1,35,1
894,154,2,31,208,3,55,3,35,1
894,807,2,26,15,7,55,4,35,0
894,813,2,23,3,18,55,13,35,0
894,815,2,31,1,10,55,10,35,0
894,817,2,31,5,12,52,19,35,0
894,818,3,38,5,16,53,18,35,0
894,819,2,30,207,19,55,14,35,0
894,820,2,30,206,21,55,17,35,0
894,821,2,31,15,8,55,11,35,0
894,822,2,28,3,17,55,12,35,0
894,823,3,30,207,20,55,15,35,0
894,824,2,30,206,22,55,16,35,0
895,3,4,39,131,6,53,8,22,0
895,4,2,30,6,8,53,4,22,0
895,8,2,31,208,9,53,5,22,0
895,13,3,34,6,5,53,10,22,0
895,16,2,27,10,22,52,14,22,0
895,17,3,42,9,1,53,2,22,1
895,18,3,40,1,10,53,9,22,0
895,20,2,37,9,2,53,1,22,1
895,154,2,29,208,4,53,3,22,1
895,807,2,29,15,7,53,6,22,0
895,813,2,28,3,15,52,16,22,0
895,814,2,26,10,12,53,11,22,0
895,815,3,42,1,11,52,15,22,0
895,817,3,44,5,16,52,13,22,0
895,818,3,38,5,17,52,12,22,0
895,819,3,35,207,20,52,18,22,0
895,820,2,29,206,18,52,19,22,0
895,821,2,30,15,14,53,7,22,0
895,822,2,27,3,13,52,17,22,0
896,1,2,30,131,3,60,6,68,0
896,3,2,27,131,2,60,2,68,1
896,4,3,36,6,8,60,11,68,0
896,8,2,58,208,6,60,7,68,0
896,13,2,30,6,5,60,4,68,0
896,16,1,41,10,13,60,9,68,0
896,18,3,32,1,10,59,14,68,0
896,20,2,31,9,1,60,1,68,1
896,154,1,13,208,17,60,3,68,1
896,807,3,53,15,7,54,19,68,0
896,813,2,38,3,18,60,12,68,0
896,814,2,30,10,12,60,8,68,0
896,815,2,33,1,9,60,5,68,0
896,817,2,38,5,11,60,10,68,0
896,818,2,26,5,14,59,13,68,0
896,820,2,52,206,22,58,17,68,0
896,821,3,47,15,16,59,15,68,0
896,822,2,49,3,15,59,16,68,0
896,824,2,33,206,19,58,18,68,0
897,1,2,29,131,4,55,7,24,0
897,3,2,33,131,3,55,3,24,1
897,4,2,44,6,10,55,5,24,0
897,13,2,38,6,7,55,8,24,0
897,16,1,28,10,17,55,10,24,0
897,17,2,33,9,1,55,2,24,1
897,18,2,11,1,12,55,12,24,0
897,20,2,37,9,2,55,1,24,1
897,154,2,37,208,6,55,4,24,0
897,807,3,34,15,5,54,14,24,0
897,813,2,25,3,14,55,11,24,0
897,814,1,20,10,11,55,6,24,0
897,815,2,27,1,8,55,9,24,0
897,817,2,28,5,9,54,16,24,0
897,818,2,51,5,13,54,17,24,0
897,819,2,32,207,19,54,19,24,0
897,820,2,32,206,20,53,21,24,0
897,821,2,30,15,16,55,13,24,0
897,822,2,45,3,15,54,15,24,0
897,823,2,33,207,18,54,18,24,0
897,824,2,31,206,21,53,20,24,0
898,1,1,25,131,5,56,4,69,0
898,3,1,22,131,12,56,9,69,0
898,4,1,26,6,6,56,5,69,0
898,5,2,31,208,8,56,15,69,0
898,13,2,38,6,13,56,13,69,0
898,17,1,28,9,2,56,3,69,1
898,18,1,20,1,15,56,10,69,0
898,20,1,27,9,1,56,1,69,1
898,154,1,29,208,3,56,2,69,1
898,807,1,27,15,4,56,6,69,0
898,813,1,8,3,17,55,17,69,0
898,814,2,49,10,11,56,16,69,0
898,815,1,22,1,7,56,7,69,0
898,817,1,22,5,10,56,11,69,0
898,818,1,27,5,14,56,12,69,0
898,819,2,50,207,22,55,20,69,0
898,820,2,26,206,21,54,21,69,0
898,821,2,36,15,20,56,14,69,0
898,822,1,23,3,9,56,8,69,0
898,823,1,21,207,18,55,19,69,0
898,824,1,21,206,19,55,18,69,0
899,1,3,52,131,5,71,9,18,0
899,3,2,44,131,2,71,5,18,0
899,4,2,47,6,3,71,3,18,1
899,5,2,34,208,11,70,14,18,0
899,13,3,43,6,9,71,7,18,0
899,16,3,54,10,15,70,13,18,0
899,17,2,47,9,4,71,2,18,1
899,18,2,43,1,14,71,4,18,0
899,20,2,47,9,1,71,1,18,1
899,807,2,46,15,10,71,8,18,0
899,813,2,43,3,16,70,16,18,0
899,814,2,47,10,12,70,11,18,0
899,815,2,44,1,19,71,6,18,0
899,817,2,42,5,7,70,10,18,0
899,818,3,46,5,8,70,15,18,0
899,820,3,66,206,22,69,19,18,0
899,821,2,47,15,17,70,12,18,0
899,823,3,52,207,20,69,18,18,0
899,824,2,47,206,21,69,17,18,0
900,3,2,38,131,3,57,1,1,1
900,4,2,35,6,5,57,4,1,0
900,8,2,36,6,11,57,7,1,0
900,16,1,35,15,13,56,11,1,0
900,18,2,32,1,10,57,3,1,1
900,807,2,33,10,7,57,6,1,0
900,815,3,32,10,16,57,10,1,0
900,818,2,33,5,6,57,8,1,0
900,820,2,41,206,17,55,13,1,0
900,821,2,30,15,20,56,12,1,0
900,822,2,36,3,15,57,5,1,0
900,825,2,37,1,4,57,2,1,1
900,826,2,36,5,8,57,9,1,0
901,1,3,51,131,1,56,1,2,1
901,3,3,50,131,3,56,2,2,1
901,4,3,42,6,4,56,4,2,0
901,8,3,34,6,6,55,12,2,0
901,13,3,42,3,13,56,7,2,0
901,18,3,39,1,10,56,6,2,0
901,20,3,49,9,2,56,3,2,1
901,154,3,40,208,15,55,11,2,0
901,155,2,31,207,20,55,13,2,0
901,807,2,34,10,7,56,5,2,0
901,820,3,41,206,21,54,15,2,0
901,822,3,44,3,18,56,8,2,0
901,825,3,39,1,8,55,9,2,0
901,826,3,34,5,11,55,10,2,0
901,828,3,38,207,22,54,14,2,0
902,1,2,41,131,2,57,1,3,1
902,3,2,41,131,1,57,2,3,1
902,4,3,41,6,9,57,9,3,0
902,8,3,41,6,5,57,10,3,0
902,13,3,38,3,7,57,7,3,0
902,18,2,35,1,6,55,17,3,0
902,20,2,34,9,10,57,6,3,0
902,154,3,37,208,16,57,12,3,0
902,155,2,35,207,18,57,15,3,0
902,807,2,35,10,11,57,5,3,0
902,813,4,47,208,17,57,14,3,0
902,815,2,34,10,4,57,3,3,1
902,817,2,35,9,13,57,4,3,0
902,820,3,40,206,21,57,13,3,0
902,822,3,40,3,3,57,8,3,0
902,824,5,40,206,19,56,16,3,0
902,826,3,39,5,12,57,11,3,0
903,1,2,38,131,1,54,1,17,1
903,3,2,37,131,4,54,2,17,1
903,4,2,33,6,5,54,3,17,1
903,8,2,31,6,11,54,8,17,0
903,13,2,31,3,6,53,15,17,0
903,18,2,28,1,12,53,11,17,0
903,20,2,34,9,3,54,5,17,0
903,155,3,40,207,18,53,18,17,0
903,807,2,31,10,8,54,6,17,0
903,813,2,32,208,22,53,14,17,0
903,815,2,30,10,16,54,9,17,0
903,817,2,37,9,2,54,4,17,0
903,818,2,32,5,9,53,12,17,0
903,820,3,48,206,21,52,19,17,0
903,821,3,40,15,17,53,16,17,0
903,822,2,31,3,7,54,7,17,0
903,824,2,28,206,19,53,17,17,0
903,825,2,31,1,15,53,13,17,0
903,826,2,31,5,13,53,10,17,0
903,828,3,42,207,20,52,20,17,0
904,1,2,43,131,1,66,1,4,1
904,3,2,45,131,2,66,2,4,1
904,4,3,53,6,7,66,6,4,0
904,8,2,43,6,6,65,7,4,0
904,13,3,46,3,9,65,13,4,0
904,16,2,35,15,16,65,17,4,0
904,18,2,36,1,8,65,11,4,0
904,20,3,52,9,15,66,4,4,0
904,154,2,34,208,5,65,8,4,0
904,807,2,36,10,10,65,10,4,0
904,813,2,37,208,22,65,15,4,0
904,815,2,37,10,11,65,9,4,0
904,817,2,45,9,3,66,3,4,1
904,820,3,42,206,17,64,19,4,0
904,821,3,52,15,13,65,16,4,0
904,822,2,45,3,4,66,5,4,0
904,824,2,41,206,18,64,18,4,0
904,825,2,41,1,14,65,12,4,0
904,826,3,53,5,12,65,14,4,0
904,828,2,40,207,19,64,20,4,0
905,1,1,26,131,2,78,2,6,1
905,3,1,26,131,1,78,1,6,1
905,4,1,26,6,5,78,4,6,0
905,8,3,73,6,6,77,12,6,0
905,13,1,45,3,16,77,7,6,0
905,18,1,25,1,12,77,6,6,0
905,154,2,23,208,14,77,8,6,0
905,155,2,62,207,20,75,13,6,0
905,807,1,26,10,11,77,5,6,0
905,817,1,26,9,3,78,3,6,1
905,820,3,66,206,19,75,14,6,0
905,824,1,25,206,21,77,9,6,0
905,825,1,26,1,8,77,10,6,0
905,828,2,51,207,22,77,11,6,0
906,3,2,44,131,1,70,2,7,1
906,4,2,44,6,7,70,6,7,0
906,8,2,39,6,10,70,10,7,0
906,13,2,48,3,5,69,12,7,0
906,16,2,40,15,16,69,13,7,0
906,18,2,38,1,9,70,4,7,0
906,20,2,36,9,3,70,3,7,1
906,807,1,41,10,11,70,5,7,0
906,815,1,34,10,13,69,11,7,0
906,817,2,37,9,6,70,1,7,1
906,818,2,39,5,8,70,8,7,0
906,821,3,32,15,22,64,14,7,0
906,822,2,35,3,4,70,7,7,0
906,825,2,45,1,12,70,9,7,0
907,1,2,39,131,9,71,2,70,1
907,3,2,40,131,3,71,1,70,1
907,4,2,47,6,4,71,5,70,0
907,8,2,44,6,8,71,10,70,0
907,13,2,43,3,1,71,4,70,0
907,16,2,43,15,16,70,13,70,0
907,18,2,58,1,11,71,11,70,0
907,154,2,27,208,22,70,14,70,0
907,155,1,14,207,19,69,16,70,0
907,807,2,39,10,10,71,9,70,0
907,813,2,56,208,13,70,12,70,0
907,815,2,55,10,15,71,6,70,0
907,817,2,43,9,5,71,8,70,0
907,820,1,37,206,21,69,17,70,0
907,821,3,45,15,17,69,19,70,0
907,822,2,41,3,2,71,3,70,1
907,824,1,40,206,18,69,15,70,0
907,825,2,40,1,6,71,7,70,0
907,828,2,43,207,20,69,18,70,0
908,1,2,41,131,6,52,1,9,1
908,4,1,25,6,16,52,6,9,0
908,16,1,23,15,13,51,13,9,0
908,18,1,28,1,3,52,4,9,0
908,20,2,33,9,2,52,5,9,0
908,154,1,30,208,11,51,12,9,0
908,155,2,29,207,22,50,15,9,0
908,807,1,29,10,4,52,8,9,0
908,813,1,26,208,20,49,17,9,0
908,815,1,26,10,7,51,11,9,0
908,817,1,15,9,8,52,3,9,1
908,818,1,27,5,10,51,10,9,0
908,820,3,29,206,17,50,16,9,0
908,822,1,31,3,14,52,2,9,1
908,824,1,29,206,12,51,14,9,0
908,825,1,27,1,5,52,7,9,0
908,826,2,35,5,9,52,9,9,0
909,1,3,50,131,20,67,3,10,1
909,3,2,41,131,1,67,1,10,1
909,4,3,55,6,7,67,5,10,0
909,8,3,53,6,12,66,11,10,0
909,18,3,61,1,11,67,8,10,0
909,20,3,45,9,6,67,4,10,0
909,155,3,48,207,19,65,16,10,0
909,807,2,39,10,9,67,7,10,0
909,813,2,38,208,18,66,12,10,0
909,815,3,52,10,10,66,10,10,0
909,817,3,46,9,5,67,6,10,0
909,818,3,49,5,13,66,13,10,0
909,820,3,47,206,21,65,17,10,0
909,821,3,50,15,16,66,14,10,0
909,822,2,40,3,2,67,2,10,1
909,824,2,45,206,17,66,15,10,0
909,825,3,53,1,4,66,9,10,0
909,828,3,41,207,22,65,18,10,0
910,1,2,39,131,22,70,3,11,1
910,3,3,56,131,1,70,4,11,0
910,4,2,38,6,5,70,2,11,1
910,8,2,41,6,16,70,6,11,0
910,13,3,45,3,6,70,5,11,0
910,16,2,39,15,11,70,11,11,0
910,18,3,37,1,7,70,10,11,0
910,20,2,33,9,2,70,7,11,0
910,813,3,43,208,20,70,13,11,0
910,817,3,54,9,4,70,1,11,1
910,818,2,34,5,8,70,9,11,0
910,820,2,45,206,18,69,16,11,0
910,822,3,59,3,3,70,8,11,0
910,824,3,42,206,15,69,15,11,0
910,825,2,39,1,21,70,12,11,0
910,826,2,30,5,10,69,14,11,0
911,3,3,34,131,1,44,2,13,1
911,4,2,25,6,4,44,7,13,0
911,8,2,21,6,8,44,4,13,0
911,13,3,35,3,9,44,13,13,0
911,16,3,34,15,14,44,14,13,0
911,18,2,29,1,10,44,6,13,0
911,20,3,34,9,3,44,5,13,0
911,807,2,30,10,18,44,10,13,0
911,815,2,22,10,13,44,8,13,0
911,817,2,27,9,5,44,1,13,1
911,818,2,29,5,12,44,11,13,0
911,820,2,29,206,19,43,16,13,0
911,821,2,30,15,20,44,15,13,0
911,822,2,28,3,6,44,3,13,1
911,824,2,23,206,16,39,18,13,0
911,825,2,23,1,7,44,12,13,0
911,826,2,24,5,11,44,9,13,0
911,828,2,24,207,22,43,17,13,0
912,1,1,25,131,1,53,1,14,1
912,3,1,24,131,2,53,2,14,1
912,8,1,20,6,11,53,9,14,0
912,13,1,23,3,4,53,3,14,1
912,16,1,24,15,14,52,15,14,0
912,18,1,22,1,6,53,8,14,0
912,20,1,18,9,8,53,6,14,0
912,154,1,20,208,17,52,16,14,0
912,155,1,22,207,18,52,17,14,0
912,807,1,19,10,13,53,12,14,0
912,813,1,21,208,16,52,14,14,0
912,815,1,19,10,10,53,7,14,0
912,817,1,26,9,9,53,5,14,0
912,818,1,24,5,12,53,13,14,0
912,821,3,49,15,15,51,19,14,0
912,822,1,24,3,3,53,4,14,0
912,824,1,27,206,19,52,18,14,0
912,825,1,21,1,5,53,10,14,0
912,826,1,30,5,21,53,11,14,0
912,828,1,30,207,22,51,20,14,0
913,1,3,52,131,1,60,1,15,1
913,4,3,31,6,5,60,4,15,0
913,8,3,31,6,7,60,8,15,0
913,13,2,22,3,6,60,5,15,0
913,20,2,25,9,4,60,2,15,1
913,154,3,30,208,16,60,13,15,0
913,807,3,31,10,13,60,9,15,0
913,813,4,31,208,18,60,12,15,0
913,815,4,44,10,15,60,7,15,0
913,817,2,27,9,3,60,3,15,1
913,818,3,44,5,12,60,6,15,0
913,820,3,41,206,21,59,17,15,0
913,822,2,23,3,8,60,11,15,0
913,824,3,45,206,19,60,16,15,0
913,825,3,46,1,9,60,10,15,0
913,826,3,43,5,10,60,14,15,0
913,828,2,30,207,22,60,15,15,0
914,1,3,35,131,2,44,1,22,1
914,3,3,33,131,1,44,2,22,1
914,8,5,43,6,10,43,12,22,0
914,13,3,37,3,4,44,7,22,0
914,16,4,32,15,14,40,21,22,0
914,18,4,42,1,8,44,5,22,0
914,20,3,29,9,9,44,3,22,1
914,154,5,43,208,16,43,15,22,0
914,155,5,39,207,19,43,19,22,0
914,807,4,43,10,13,44,8,22,0
914,813,4,40,208,22,43,16,22,0
914,815,4,43,10,11,43,10,22,0
914,817,3,36,9,6,44,4,22,0
914,818,3,19,5,20,44,9,22,0
914,820,3,23,206,21,43,18,22,0
914,821,3,34,15,15,43,13,22,0
914,822,3,38,3,3,44,6,22,0
914,824,3,24,206,18,41,20,22,0
914,825,5,40,1,7,43,14,22,0
914,826,4,39,5,12,43,11,22,0
914,828,4,39,207,17,43,17,22,0
915,1,1,27,131,1,53,1,71,1
915,3,1,1,131,2,53,2,71,1
915,4,1,25,6,7,53,6,71,0
915,8,1,26,6,8,53,9,71,0
915,13,2,27,3,18,53,11,71,0
915,16,1,12,15,14,52,16,71,0
915,18,1,22,1,4,53,4,71,0
915,20,1,30,9,10,53,8,71,0
915,154,1,20,208,15,52,17,71,0
915,807,1,24,10,17,53,12,71,0
915,813,1,21,208,21,52,18,71,0
915,815,1,25,10,12,53,10,71,0
915,817,1,11,9,6,53,7,71,0
915,818,1,23,5,9,53,13,71,0
915,821,1,39,15,13,52,15,71,0
915,822,1,26,3,3,53,3,71,1
915,825,1,26,1,11,53,5,71,0
915,826,2,37,5,5,52,14,71,0
915,828,2,43,207,16,51,19,71,0
916,1,2,33,131,2,56,1,69,1
916,3,2,34,131,1,56,2,69,1
916,4,2,43,6,6,56,6,69,0
916,8,3,52,6,8,55,13,69,0
916,13,2,32,3,4,56,4,69,0
916,18,2,28,1,12,55,12,69,0
916,20,4,48,9,18,56,7,69,0
916,154,2,29,208,16,55,11,69,0
916,813,2,35,208,10,56,9,69,0
916,817,2,31,9,5,56,3,69,1
916,818,2,29,5,14,56,10,69,0
916,821,3,40,15,15,55,14,69,0
916,822,2,30,3,3,56,5,69,0
916,825,2,27,1,7,56,8,69,0
916,826,3,51,5,17,55,15,69,0
917,1,3,51,131,2,71,2,18,1
917,3,3,50,131,1,71,1,18,1
917,4,3,52,6,8,71,6,18,0
917,8,2,35,6,10,71,7,18,0
917,13,3,50,3,3,71,3,18,1
917,16,3,49,15,13,70,16,18,0
917,18,3,50,1,5,71,4,18,0
917,20,3,48,9,6,71,5,18,0
917,154,3,59,208,14,63,17,18,0
917,807,3,60,10,12,71,8,18,0
917,813,3,45,208,16,70,12,18,0
917,815,3,47,10,18,70,15,18,0
917,818,3,46,5,15,70,13,18,0
917,821,3,48,15,11,70,14,18,0
917,822,3,42,3,4,70,10,18,0
917,825,3,47,1,7,71,9,18,0
917,826,3,59,5,17,70,11,18,0
918,1,2,31,131,2,55,1,24,1
918,3,2,34,131,1,54,14,24,0
918,4,2,27,6,8,55,9,24,0
918,8,2,26,6,7,55,10,24,0
918,13,2,43,3,4,55,2,24,1
918,16,3,37,15,13,54,16,24,0
918,18,2,28,1,6,55,5,24,0
918,20,2,46,9,19,55,8,24,0
918,154,3,21,208,18,54,13,24,0
918,807,2,37,10,12,55,6,24,0
918,815,2,41,10,11,55,7,24,0
918,817,2,47,9,20,55,4,24,0
918,818,3,44,5,10,55,12,24,0
918,821,2,28,15,14,54,15,24,0
918,822,2,35,3,3,55,3,24,1
918,825,2,29,1,9,55,11,24,0
918,829,2,37,207,17,54,17,24,0
926,1,1,25,131,1,58,1,1,1
926,3,1,26,131,2,58,2,1,1
926,13,1,21,3,3,58,4,1,0
926,18,1,27,1,16,56,11,1,0
926,20,1,24,6,4,58,3,1,1
926,807,2,44,10,13,57,7,1,0
926,815,1,38,10,14,57,10,1,0
926,817,1,23,9,6,57,6,1,0
926,828,3,43,15,15,57,8,1,0
926,831,1,25,15,10,58,5,1,0
926,832,1,24,5,7,57,9,1,0
927,1,3,38,131,1,56,2,2,1
927,3,3,41,131,3,56,3,2,1
927,8,3,34,6,11,56,4,2,0
927,13,3,38,3,7,56,6,2,0
927,20,2,37,6,2,56,1,2,1
927,154,3,34,208,10,55,11,2,0
927,807,3,44,10,13,55,14,2,0
927,815,2,35,10,14,55,13,2,0
927,817,3,34,9,4,55,10,2,0
927,822,3,40,3,8,56,5,2,0
927,826,3,39,9,5,55,9,2,0
927,830,3,40,5,6,56,7,2,0
927,831,4,43,15,16,55,12,2,0
927,832,2,32,5,15,55,8,2,0
927,833,3,42,209,19,53,15,2,0
928,1,2,33,131,1,56,1,17,1
928,3,2,31,131,2,56,2,17,1
928,4,2,35,1,18,55,12,17,0
928,8,2,34,6,6,56,4,17,0
928,13,2,34,3,4,56,5,17,0
928,18,2,32,1,17,55,14,17,0
928,20,2,30,6,3,56,3,17,1
928,154,2,32,208,8,56,7,17,0
928,815,3,41,10,15,55,11,17,0
928,817,2,36,9,7,56,9,17,0
928,822,2,35,3,5,56,6,17,0
928,828,2,30,15,10,55,10,17,0
928,829,2,38,209,19,54,15,17,0
928,830,2,32,5,13,52,17,17,0
928,831,2,31,15,9,56,8,17,0
928,832,2,39,5,14,55,13,17,0
928,833,2,40,209,20,54,16,17,0
929,1,2,33,131,1,57,1,3,1
929,3,2,34,131,3,57,3,3,1
929,4,2,35,1,14,56,11,3,0
929,8,2,40,6,4,57,2,3,1
929,13,2,24,3,6,56,10,3,0
929,20,3,36,6,2,57,5,3,0
929,154,2,31,208,10,57,7,3,0
929,807,3,38,10,8,56,13,3,0
929,813,3,41,208,16,56,15,3,0
929,815,2,37,10,11,56,8,3,0
929,817,2,35,9,7,57,6,3,0
929,822,2,33,3,5,57,4,3,0
929,826,2,34,9,17,56,9,3,0
929,828,3,37,15,13,56,14,3,0
929,829,2,33,209,18,55,16,3,0
929,831,3,41,15,12,56,12,3,0
929,833,2,34,209,19,54,17,3,0
930,1,3,51,131,2,66,2,4,1
930,3,2,45,131,1,66,1,4,1
930,8,2,41,6,7,66,5,4,0
930,13,3,47,3,9,66,6,4,0
930,18,3,44,1,14,65,16,4,0
930,20,2,40,6,3,66,3,4,1
930,154,2,40,208,11,65,8,4,0
930,807,3,49,10,17,65,15,4,0
930,815,2,36,10,18,65,13,4,0
930,817,2,42,9,10,65,7,4,0
930,822,2,42,3,4,66,4,4,0
930,826,2,38,9,8,65,10,4,0
930,828,2,45,15,16,65,14,4,0
930,829,3,47,209,19,63,17,4,0
930,830,2,37,5,6,65,11,4,0
930,831,2,39,15,15,65,12,4,0
930,832,2,42,5,5,65,9,4,0
930,833,3,49,209,20,62,18,4,0
931,1,2,65,131,1,78,3,6,1
931,3,1,37,131,2,78,1,6,1
931,8,1,37,6,6,78,6,6,0
931,13,3,62,3,12,77,15,6,0
931,18,2,64,1,10,78,8,6,0
931,20,1,36,6,3,78,2,6,1
931,154,1,17,208,15,78,12,6,0
931,807,2,31,10,11,78,11,6,0
931,815,2,64,10,7,78,7,6,0
931,817,2,65,9,4,78,5,6,0
931,822,2,56,3,16,78,14,6,0
931,826,1,28,9,5,78,4,6,0
931,828,3,69,15,17,78,13,6,0
931,829,1,33,209,18,76,17,6,0
931,831,2,64,15,14,78,9,6,0
931,832,1,12,5,0,78,10,6,0
931,833,1,35,209,19,76,16,6,0
932,1,1,29,131,1,70,1,7,1
932,3,1,30,131,2,70,2,7,1
932,8,2,40,6,3,70,4,7,0
932,13,1,37,3,15,70,6,7,0
932,20,2,35,6,18,70,5,7,0
932,154,1,27,208,5,69,10,7,0
932,807,1,28,10,7,69,8,7,0
932,813,1,17,208,6,70,7,7,0
932,815,1,24,10,10,69,11,7,0
932,817,1,23,9,9,69,13,7,0
932,822,1,28,3,4,70,3,7,1
932,826,1,27,9,8,69,9,7,0
932,828,1,28,15,12,69,14,7,0
932,829,1,34,209,17,66,17,7,0
932,830,1,39,5,19,69,15,7,0
932,831,1,26,15,14,68,16,7,0
932,832,1,27,5,11,69,12,7,0
933,1,1,35,131,1,71,2,70,1
933,3,1,33,131,2,71,1,70,1
933,13,1,34,3,4,71,3,70,1
933,20,1,36,6,3,71,4,70,0
933,807,1,25,10,5,71,6,70,0
933,813,1,37,208,10,70,7,70,0
933,815,1,38,10,13,70,9,70,0
933,817,1,50,9,18,70,10,70,0
933,822,1,26,3,6,71,5,70,0
933,826,2,45,9,15,70,12,70,0
933,828,3,45,15,11,69,13,70,0
933,830,1,26,5,7,70,8,70,0
933,831,1,24,15,8,70,11,70,0
933,833,1,34,209,16,68,14,70,0
934,1,2,43,131,1,52,1,9,1
934,3,2,44,131,2,52,2,9,1
934,4,3,37,1,17,51,10,9,0
934,8,3,47,6,5,51,8,9,0
934,13,2,44,3,3,52,4,9,0
934,20,2,43,6,6,52,3,9,1
934,807,2,44,10,9,52,7,9,0
934,815,2,44,10,11,51,9,9,0
934,822,2,44,3,4,52,5,9,0
934,826,2,44,9,7,52,6,9,0
934,828,4,42,15,15,51,11,9,0
934,829,2,45,209,19,49,13,9,0
934,833,2,44,209,20,49,12,9,0
936,1,6,54,131,1,69,6,11,0
936,3,5,64,131,2,69,8,11,0
936,4,5,45,1,15,69,5,11,0
936,13,5,54,3,8,69,12,11,0
936,18,4,45,1,16,69,9,11,0
936,20,4,46,6,3,69,1,11,1
936,154,5,45,208,10,69,7,11,0
936,813,6,58,208,14,69,14,11,0
936,817,5,64,9,4,69,3,11,1
936,822,5,49,3,6,69,13,11,0
936,826,5,46,9,7,69,2,11,1
936,828,5,45,15,17,69,10,11,0
936,829,5,54,209,20,65,16,11,0
936,830,5,56,5,9,69,4,11,0
936,831,5,45,15,18,69,11,11,0
936,833,5,44,209,19,67,15,11,0
937,1,2,30,131,1,43,1,13,1
937,3,2,31,131,2,43,2,13,1
937,4,3,32,1,20,42,13,13,0
937,8,2,21,6,16,43,7,13,0
937,13,2,21,3,6,43,6,13,0
937,18,3,35,1,19,42,14,13,0
937,20,1,14,6,8,42,12,13,0
937,154,2,21,208,9,43,3,13,1
937,815,2,20,10,4,43,5,13,0
937,822,3,21,3,3,43,9,13,0
937,826,2,27,9,12,43,4,13,0
937,828,2,28,15,13,43,10,13,0
937,829,2,30,209,15,42,16,13,0
937,830,3,32,5,18,43,8,13,0
937,831,2,27,15,14,43,11,13,0
937,833,2,29,209,17,42,15,13,0
938,1,1,26,131,1,53,1,14,1
938,3,1,18,131,4,50,17,14,0
938,4,2,46,1,16,47,18,14,0
938,8,1,28,6,2,53,5,14,0
938,13,1,19,3,5,53,3,14,1
938,18,1,25,1,15,52,14,14,0
938,20,1,25,6,3,53,2,14,1
938,807,1,18,10,9,52,7,14,0
938,815,1,23,10,7,53,6,14,0
938,817,1,30,9,19,52,8,14,0
938,822,1,22,3,6,53,4,14,0
938,826,1,27,9,18,52,10,14,0
938,828,1,20,15,12,52,9,14,0
938,829,1,26,209,13,51,15,14,0
938,830,3,33,5,20,52,12,14,0
938,831,2,24,15,17,52,13,14,0
938,832,2,30,5,17,52,11,14,0
938,833,1,27,209,14,51,16,14,0
939,3,2,37,131,6,61,4,15,0
939,8,2,37,6,3,61,3,15,1
939,20,2,37,6,1,61,1,15,1
939,154,2,26,208,10,59,13,15,0
939,813,3,54,208,18,61,12,15,0
939,815,2,34,10,13,61,7,15,0
939,817,2,37,9,2,61,2,15,1
939,822,2,37,3,7,61,5,15,0
939,826,2,33,9,4,61,6,15,0
939,828,3,36,15,17,61,11,15,0
939,829,2,37,209,19,59,15,15,0
939,830,2,36,5,8,61,8,15,0
939,831,2,34,15,16,61,10,15,0
939,832,3,37,5,14,61,9,15,0
939,834,2,36,209,20,59,14,15,0
940,1,2,31,131,2,53,1,22,1
940,3,2,29,131,1,53,2,22,1
940,4,2,28,1,12,52,11,22,0
940,8,2,28,6,6,53,4,22,0
940,13,3,34,3,5,51,17,22,0
940,18,2,27,1,14,52,16,22,0
940,20,2,30,6,4,53,3,22,1
940,154,2,33,208,8,53,7,22,0
940,807,3,42,10,13,53,6,22,0
940,813,2,36,208,11,53,8,22,0
940,815,3,36,10,9,52,12,22,0
940,817,2,24,9,7,52,15,22,0
940,822,2,29,3,3,53,5,22,0
940,826,3,34,9,20,52,13,22,0
940,828,2,26,15,15,52,14,22,0
940,829,3,42,209,18,50,19,22,0
940,830,2,30,5,17,53,9,22,0
940,832,2,27,5,10,52,10,22,0
940,834,2,33,209,19,51,18,22,0
941,1,1,32,131,2,53,1,71,1
941,4,1,13,1,19,53,11,71,0
941,8,1,31,6,5,53,8,71,0
941,13,1,30,3,15,53,4,71,0
941,18,1,12,1,13,53,9,71,0
941,20,1,30,6,4,53,2,71,1
941,813,1,30,208,14,53,7,71,0
941,815,1,12,10,7,53,3,71,1
941,817,1,12,9,10,47,15,71,0
941,822,1,26,3,3,52,12,71,0
941,826,1,33,9,11,53,5,71,0
941,829,2,17,209,17,51,14,71,0
941,830,2,24,5,9,53,10,71,0
941,831,1,34,15,12,53,6,71,0
941,833,1,13,209,18,52,13,71,0
942,1,2,43,131,2,56,1,69,1
942,3,2,38,131,1,56,2,69,1
942,4,3,26,1,9,56,11,69,0
942,18,3,44,1,11,56,6,69,0
942,20,3,43,6,13,56,3,69,1
942,813,3,43,208,12,56,8,69,0
942,815,2,27,10,5,56,5,69,0
942,817,3,50,9,3,56,10,69,0
942,830,2,28,5,8,56,4,69,0
942,831,5,42,15,15,56,9,69,0
942,832,3,43,5,20,56,7,69,0
942,834,3,27,209,17,56,12,69,0
943,1,2,48,131,2,71,2,32,1
943,3,2,46,131,1,71,1,32,1
943,13,2,52,3,7,71,6,32,0
943,18,2,47,1,20,71,14,32,0
943,154,2,52,208,12,71,10,32,0
943,807,2,52,10,10,71,7,32,0
943,813,2,52,208,13,71,11,32,0
943,815,1,18,10,9,71,8,32,0
943,817,2,52,9,5,71,5,32,0
943,822,2,53,3,6,71,3,32,1
943,826,2,52,9,4,71,4,32,0
943,828,3,51,15,14,71,12,32,0
943,829,2,50,209,17,69,16,32,0
943,830,2,52,5,8,71,9,32,0
943,832,3,51,5,11,71,13,32,0
943,834,2,50,209,16,69,15,32,0
944,1,3,49,131,2,71,2,18,1
944,3,3,48,131,1,71,1,18,1
944,4,3,52,1,20,70,15,18,0
944,8,2,46,6,4,71,4,18,0
944,18,3,51,1,16,70,14,18,0
944,20,3,47,6,3,71,3,18,1
944,154,3,54,208,14,70,8,18,0
944,807,2,35,10,5,70,6,18,0
944,813,2,44,208,15,70,10,18,0
944,815,3,51,10,11,70,12,18,0
944,817,3,52,9,19,70,11,18,0
944,822,2,41,3,7,70,5,18,0
944,826,2,39,9,6,70,7,18,0
944,828,3,53,15,12,69,16,18,0
944,829,2,40,209,18,67,17,18,0
944,830,3,53,5,9,70,9,18,0
944,831,2,39,15,13,70,13,18,0
944,834,2,41,209,17,67,18,18,0
945,1,2,41,131,2,55,2,24,1
945,3,2,31,131,1,55,1,24,1
945,4,4,47,1,16,53,17,24,0
945,8,2,32,6,3,55,3,24,1
945,13,2,26,3,8,55,8,24,0
945,18,2,27,1,12,54,12,24,0
945,20,2,39,6,15,55,4,24,0
945,154,2,43,208,18,55,9,24,0
945,807,2,24,10,7,55,7,24,0
945,815,2,27,10,4,55,5,24,0
945,817,2,26,9,5,55,6,24,0
945,822,3,29,3,6,54,13,24,0
945,826,2,25,9,9,55,10,24,0
945,828,2,41,15,17,54,14,24,0
945,829,2,33,209,19,53,18,24,0
945,830,3,38,5,11,54,16,24,0
945,831,3,44,15,14,54,15,24,0
945,832,2,28,5,10,55,11,24,0
945,833,1,24,209,20,52,19,24,0
948,1,2,18,131,1,57,2,1,1
948,3,2,18,131,2,57,1,1,1
948,13,2,18,3,6,57,5,1,0
948,18,3,30,1,12,56,14,1,0
948,20,3,35,6,3,57,3,1,1
948,154,1,18,210,19,57,6,1,0
948,807,2,18,10,10,57,7,1,0
948,815,2,18,10,9,57,13,1,0
948,817,3,42,9,8,57,4,1,0
948,822,2,18,3,16,57,8,1,0
948,825,3,17,4,14,57,12,1,0
948,830,3,32,5,5,57,10,1,0
948,831,2,18,15,17,56,15,1,0
948,832,3,31,5,7,57,9,1,0
948,835,2,18,4,13,57,11,1,0
948,836,3,32,209,21,56,16,1,0
949,1,3,41,131,1,57,3,3,1
949,3,3,39,131,2,57,1,3,1
949,8,3,37,6,4,57,2,3,1
949,13,2,29,3,7,56,8,3,0
949,154,3,40,210,9,57,5,3,0
949,807,4,51,10,8,56,15,3,0
949,815,3,37,10,18,56,16,3,0
949,817,3,42,9,5,57,4,3,0
949,822,3,34,3,6,56,9,3,0
949,825,3,38,4,22,56,11,3,0
949,826,3,44,9,15,56,7,3,0
949,828,2,29,15,17,56,12,3,0
949,830,3,46,5,10,57,6,3,0
949,831,3,47,15,21,56,14,3,0
949,836,3,41,209,16,56,13,3,0
949,837,3,44,209,20,56,17,3,0
949,838,3,41,1,12,56,10,3,0
950,1,5,30,131,22,56,7,17,0
950,3,2,36,131,1,56,1,17,1
950,4,2,32,1,11,56,12,17,0
950,8,3,37,6,3,56,5,17,0
950,13,2,31,3,10,56,6,17,0
950,18,3,44,1,12,56,13,17,0
950,20,3,35,6,4,56,2,17,1
950,154,4,44,210,14,55,19,17,0
950,807,4,46,10,13,55,15,17,0
950,815,3,28,10,7,56,11,17,0
950,817,3,37,9,2,56,4,17,0
950,821,3,43,210,18,55,14,17,0
950,822,3,30,3,5,56,10,17,0
950,825,3,35,4,17,55,17,17,0
950,826,3,35,9,6,56,3,17,1
950,828,2,28,15,15,55,16,17,0
950,830,3,39,5,9,56,8,17,0
950,831,3,40,15,16,55,20,17,0
950,832,3,33,5,8,56,9,17,0
950,835,3,38,4,19,55,22,17,0
950,836,3,43,209,21,55,18,17,0
950,837,3,40,209,20,55,21,17,0
951,1,1,17,131,10,53,2,71,1
951,3,1,21,131,1,53,1,71,1
951,4,1,21,1,14,52,6,71,0
951,8,1,20,6,3,53,3,71,1
951,13,2,46,3,4,53,5,71,0
951,18,1,20,1,12,52,10,71,0
951,154,1,17,210,15,52,8,71,0
951,815,2,27,10,6,52,9,71,0
951,817,2,29,9,5,52,11,71,0
951,821,2,9,210,16,52,17,71,0
951,822,1,16,3,2,53,4,71,0
951,825,1,16,4,17,52,7,71,0
951,826,2,8,9,8,52,15,71,0
951,828,2,28,15,22,52,14,71,0
951,831,1,12,15,19,52,16,71,0
951,832,1,11,5,11,52,12,71,0
951,835,1,14,4,18,52,13,71,0
951,836,2,39,209,20,51,18,71,0
952,8,2,35,6,5,66,2,4,1
952,13,3,41,3,18,66,8,4,0
952,18,2,36,1,12,65,9,4,0
952,20,3,37,6,6,66,3,4,1
952,815,2,35,10,9,66,7,4,0
952,817,4,65,9,3,66,4,4,0
952,821,2,30,210,16,65,11,4,0
952,822,2,39,3,7,66,5,4,0
952,825,3,55,4,15,65,14,4,0
952,826,3,51,5,13,65,10,4,0
952,828,3,40,15,19,65,12,4,0
952,830,2,34,9,4,66,1,4,1
952,831,2,36,15,20,65,15,4,0
952,832,2,38,5,8,66,6,4,0
952,835,2,33,4,17,65,13,4,0
952,836,2,33,209,21,65,16,4,0
952,837,2,48,209,22,65,17,4,0
953,1,1,31,131,3,78,1,6,1
953,3,2,31,131,2,78,7,6,0
953,4,2,32,1,9,78,5,6,0
953,13,2,32,3,14,77,10,6,0
953,18,2,30,1,13,77,9,6,0
953,20,2,31,6,4,78,4,6,0
953,154,2,30,210,15,76,13,6,0
953,807,2,31,10,5,78,6,6,0
953,815,2,30,10,7,78,3,6,1
953,817,2,32,9,1,78,2,6,1
953,821,2,32,210,12,77,11,6,0
953,822,3,49,3,10,77,12,6,0
953,832,2,31,5,6,77,8,6,0
953,836,1,31,209,20,76,14,6,0
953,837,3,47,209,19,74,15,6,0
954,1,1,24,131,1,70,1,7,1
954,3,2,51,131,2,70,5,7,0
954,4,1,17,1,10,69,11,7,0
954,8,2,33,6,6,70,6,7,0
954,20,2,37,6,3,70,2,7,1
954,154,3,46,210,14,68,14,7,0
954,807,2,51,10,9,69,8,7,0
954,815,2,46,10,11,69,10,7,0
954,817,2,38,9,4,70,7,7,0
954,821,2,41,210,13,68,13,7,0
954,822,1,23,3,7,70,3,7,1
954,825,1,39,4,22,68,16,7,0
954,826,2,44,5,15,69,12,7,0
954,828,2,39,15,21,68,15,7,0
954,830,2,46,9,5,70,4,7,0
954,831,2,35,15,18,68,18,7,0
954,832,2,48,5,20,69,9,7,0
954,836,2,38,209,17,68,17,7,0
954,837,2,44,209,19,68,19,7,0
955,1,1,15,131,10,51,5,73,0
955,3,1,21,131,1,51,1,73,1
955,8,1,8,6,4,51,4,73,0
955,13,2,28,3,5,51,10,73,0
955,18,2,25,1,19,51,11,73,0
955,20,1,20,6,3,51,2,73,1
955,154,2,26,210,11,50,13,73,0
955,807,1,20,10,12,51,9,73,0
955,815,1,16,10,7,51,3,73,1
955,817,2,22,9,2,51,7,73,0
955,821,2,29,210,14,50,16,73,0
955,822,1,19,3,8,51,6,73,0
955,825,1,6,4,22,50,14,73,0
955,828,2,25,15,20,50,17,73,0
955,830,2,20,9,9,51,8,73,0
955,831,2,24,15,15,50,12,73,0
955,835,2,31,4,21,50,15,73,0
955,837,1,1,209,16,49,18,73,0
956,1,4,54,131,1,71,1,70,1
956,3,4,55,131,6,71,4,70,0
956,4,4,29,1,14,64,18,70,0
956,8,3,29,6,4,71,3,70,1
956,13,4,56,3,0,63,20,70,0
956,18,4,29,1,3,71,6,70,0
956,154,3,29,210,13,71,7,70,0
956,807,5,50,10,2,64,19,70,0
956,815,4,29,10,16,69,17,70,0
956,817,4,60,9,5,71,5,70,0
956,821,4,41,210,11,70,11,70,0
956,822,4,51,3,7,70,9,70,0
956,825,4,49,4,17,70,14,70,0
956,828,4,50,15,18,70,15,70,0
956,830,3,29,9,8,71,2,70,1
956,831,3,43,15,21,70,13,70,0
956,832,3,29,5,15,71,8,70,0
956,835,4,50,4,19,70,12,70,0
956,836,4,28,209,12,70,10,70,0
956,837,4,50,209,20,70,16,70,0
957,1,2,17,131,1,52,1,9,1
957,3,2,17,131,2,52,3,9,1
957,4,3,39,1,9,51,13,9,0
957,8,2,16,6,5,52,5,9,0
957,13,3,38,3,12,51,11,9,0
957,18,2,17,1,17,51,12,9,0
957,20,2,15,6,11,52,9,9,0
957,807,2,17,10,8,52,7,9,0
957,815,2,17,10,10,52,6,9,0
957,817,2,17,9,4,52,4,9,0
957,821,2,17,210,14,51,16,9,0
957,822,2,16,3,6,51,14,9,0
957,825,3,40,4,16,49,17,9,0
957,826,2,16,5,15,52,10,9,0
957,830,2,18,9,3,52,2,9,1
957,831,2,16,15,21,51,15,9,0
957,832,2,17,5,7,52,8,9,0
958,1,2,41,131,2,70,1,11,1
958,3,2,42,131,1,70,2,11,1
958,4,2,44,1,7,69,7,11,0
958,8,2,50,6,14,70,6,11,0
958,13,2,65,3,18,68,18,11,0
958,20,2,41,6,5,70,4,11,0
958,154,2,36,210,11,69,14,11,0
958,807,2,39,10,9,69,10,11,0
958,815,2,40,10,13,69,11,11,0
958,817,2,33,9,3,70,3,11,1
958,821,2,37,210,15,69,13,11,0
958,822,2,43,3,10,69,9,11,0
958,825,2,36,4,19,69,15,11,0
958,826,2,46,5,12,69,16,11,0
958,828,3,62,15,22,68,20,11,0
958,830,2,38,9,4,70,5,11,0
958,831,2,39,15,16,69,17,11,0
958,832,2,42,5,6,69,8,11,0
958,835,2,39,4,17,69,12,11,0
958,836,2,35,209,20,68,19,11,0
958,837,1,29,209,21,68,21,11,0
959,1,3,47,131,2,67,1,10,1
959,3,3,44,131,1,67,4,10,0
959,4,3,47,1,13,66,12,10,0
959,8,3,47,6,5,67,6,10,0
959,18,3,46,1,12,66,8,10,0
959,20,3,46,6,6,67,5,10,0
959,154,2,43,210,20,66,13,10,0
959,807,3,44,10,8,67,7,10,0
959,815,3,43,10,9,66,10,10,0
959,817,3,46,9,3,67,2,10,1
959,821,2,47,210,11,66,11,10,0
959,822,2,33,3,7,66,9,10,0
959,825,2,32,4,16,66,16,10,0
959,826,3,49,5,18,66,15,10,0
959,828,2,33,15,22,65,18,10,0
959,830,3,45,9,4,67,3,10,1
959,832,3,51,5,15,66,14,10,0
959,835,3,45,4,14,65,19,10,0
959,836,3,46,209,17,65,17,10,0
959,837,3,49,209,19,65,20,10,0
960,1,3,32,131,21,44,3,13,1
960,3,2,26,131,1,44,1,13,1
960,4,2,23,1,22,44,7,13,0
960,8,4,24,6,3,44,9,13,0
960,13,3,22,3,10,44,10,13,0
960,20,3,23,6,4,44,6,13,0
960,154,3,23,210,11,44,13,13,0
960,807,3,23,10,7,44,4,13,0
960,815,3,24,10,6,44,5,13,0
960,817,2,25,9,5,44,2,13,1
960,821,3,22,210,18,44,12,13,0
960,822,3,23,3,8,44,8,13,0
960,826,3,35,5,19,44,14,13,0
960,830,4,27,9,2,44,11,13,0
960,831,3,23,15,16,43,17,13,0
960,835,4,34,4,13,44,15,13,0
960,839,3,24,209,17,43,16,13,0
961,1,1,25,131,1,53,2,14,1
961,3,1,24,131,2,53,1,14,1
961,4,3,49,1,12,52,14,14,0
961,8,2,34,6,4,53,4,14,0
961,13,2,36,3,11,53,9,14,0
961,18,2,38,1,14,52,12,14,0
961,20,2,33,6,3,53,3,14,1
961,154,1,28,210,17,52,11,14,0
961,807,2,33,10,9,53,10,14,0
961,815,2,28,10,8,53,8,14,0
961,817,2,37,9,6,53,5,14,0
961,821,2,34,210,10,52,13,14,0
961,822,2,30,3,5,53,6,14,0
961,825,2,30,4,21,52,17,14,0
961,828,1,23,15,19,52,16,14,0
961,830,2,35,9,7,53,7,14,0
961,832,2,39,5,15,52,15,14,0
961,839,1,32,209,22,51,18,14,0
962,1,4,45,131,3,61,3,15,1
962,3,3,33,131,1,61,1,15,1
962,4,3,34,1,9,61,7,15,0
962,8,4,46,6,5,61,4,15,0
962,13,4,43,3,11,60,12,15,0
962,20,3,42,6,22,61,5,15,0
962,815,2,25,10,17,61,8,15,0
962,817,4,47,9,2,61,2,15,1
962,821,3,36,210,13,60,11,15,0
962,825,3,38,4,15,61,10,15,0
962,826,3,37,5,7,61,9,15,0
962,828,4,36,15,14,60,17,15,0
962,830,4,44,9,4,61,6,15,0
962,831,3,35,15,16,60,13,15,0
962,832,4,48,5,6,60,14,15,0
962,835,3,34,4,18,60,15,15,0
962,836,3,36,209,19,60,16,15,0
962,839,4,45,209,21,59,18,15,0
963,3,3,41,131,2,56,3,2,1
963,4,3,40,1,22,56,7,2,0
963,8,3,40,6,6,56,4,2,0
963,13,3,31,3,10,55,13,2,0
963,18,2,37,1,9,56,9,2,0
963,807,3,40,10,8,56,8,2,0
963,815,2,32,10,7,56,6,2,0
963,817,2,41,9,4,56,1,2,1
963,822,1,29,3,11,56,5,2,0
963,826,3,40,5,15,55,14,2,0
963,828,2,37,15,17,55,12,2,0
963,830,3,41,9,3,56,2,2,1
963,832,2,37,5,16,56,11,2,0
963,835,1,31,4,19,56,10,2,0
963,836,3,41,209,21,55,15,2,0
963,839,2,31,209,20,55,16,2,0
964,1,2,33,131,2,53,3,22,1
964,3,2,29,131,1,53,1,22,1
964,4,2,27,1,15,52,16,22,0
964,8,2,26,6,8,53,5,22,0
964,13,1,24,3,12,53,9,22,0
964,18,2,36,1,22,52,18,22,0
964,20,2,34,6,6,53,4,22,0
964,154,2,30,210,7,53,11,22,0
964,807,2,28,10,9,53,8,22,0
964,815,2,29,10,5,53,7,22,0
964,817,2,32,9,4,53,6,22,0
964,821,2,28,210,10,52,20,22,0
964,822,1,26,3,11,53,10,22,0
964,825,1,25,4,17,52,14,22,0
964,826,2,23,5,13,52,13,22,0
964,828,1,26,15,18,52,15,22,0
964,830,2,28,9,3,53,2,22,1
964,831,1,25,15,19,52,19,22,0
964,832,2,37,5,14,52,17,22,0
964,835,1,25,4,16,52,12,22,0
964,836,2,32,209,21,52,22,22,0
964,839,2,31,209,20,52,21,22,0
965,1,2,31,131,1,56,1,69,1
965,3,2,31,131,2,56,2,69,1
965,4,2,30,1,12,56,5,69,0
965,13,3,54,3,9,55,7,69,0
965,18,2,28,1,19,55,9,69,0
965,20,3,53,6,6,56,4,69,0
965,154,2,27,210,17,55,10,69,0
965,815,2,27,10,11,55,8,69,0
965,817,2,25,9,3,56,3,69,1
965,822,2,20,3,8,55,16,69,0
965,825,3,43,4,18,55,12,69,0
965,826,1,21,5,13,55,11,69,0
965,828,1,17,15,16,55,14,69,0
965,831,1,29,15,21,55,15,69,0
965,832,2,30,5,10,56,6,69,0
965,835,2,26,4,15,55,13,69,0
965,836,2,30,209,20,55,17,69,0
965,839,3,44,209,22,54,18,69,0
966,1,1,17,131,1,71,1,32,1
966,3,1,20,131,2,71,2,32,1
966,4,2,45,1,11,70,13,32,0
966,8,2,45,6,6,71,6,32,0
966,13,1,14,3,9,71,9,32,0
966,18,1,17,1,13,70,12,32,0
966,20,1,32,6,7,71,5,32,0
966,154,2,50,210,22,70,20,32,0
966,807,1,14,10,5,71,7,32,0
966,815,1,20,10,12,71,10,32,0
966,817,2,50,9,4,71,3,32,1
966,821,2,48,210,17,70,19,32,0
966,822,1,19,3,8,71,8,32,0
966,825,2,51,4,14,70,17,32,0
966,826,2,47,5,18,70,18,32,0
966,828,1,1,15,15,70,11,32,0
966,830,1,12,9,3,71,4,32,0
966,831,1,49,15,19,70,15,32,0
966,832,1,12,5,10,70,16,32,0
966,835,1,1,4,21,70,14,32,0
966,839,1,15,209,20,69,21,32,0
967,1,2,28,131,1,71,1,18,1
967,3,2,28,131,2,71,2,18,1
967,4,3,28,1,10,71,10,18,0
967,18,5,44,1,17,71,16,18,0
967,20,3,28,6,5,71,5,18,0
967,807,3,28,10,8,71,7,18,0
967,815,2,28,10,9,71,4,18,0
967,817,5,52,9,6,71,8,18,0
967,822,4,38,3,11,71,11,18,0
967,825,4,41,4,18,71,14,18,0
967,826,4,28,5,14,71,13,18,0
967,830,5,54,9,4,71,3,18,1
967,831,2,28,15,21,71,9,18,0
967,832,2,28,5,15,71,6,18,0
967,836,3,52,209,19,71,15,18,0
967,839,2,28,209,22,71,12,18,0
968,1,2,28,131,1,55,1,24,1
968,3,2,29,131,2,55,2,24,1
968,4,2,38,1,9,55,10,24,0
968,8,2,25,6,4,55,6,24,0
968,13,2,30,3,10,55,9,24,0
968,20,2,37,6,5,55,3,24,1
968,154,2,38,210,14,55,11,24,0
968,807,2,26,10,7,55,7,24,0
968,815,2,27,10,8,55,8,24,0
968,817,2,24,9,3,55,5,24,0
968,821,2,28,210,13,55,12,24,0
968,828,1,38,15,22,54,15,24,0
968,830,1,21,9,6,55,4,24,0
968,831,2,36,15,19,54,16,24,0
968,835,3,41,4,15,54,17,24,0
968,836,2,24,209,16,54,14,24,0
968,839,2,36,209,20,54,13,24,0
969,1,1,17,131,1,57,2,1,1
969,8,1,26,6,4,57,4,1,0
969,13,1,20,3,7,57,6,1,0
969,20,1,23,6,2,57,1,1,1
969,807,2,30,4,11,56,11,1,0
969,815,1,17,10,10,56,7,1,0
969,822,1,25,131,3,57,3,1,1
969,826,2,49,5,9,56,9,1,0
969,830,1,25,9,5,57,5,1,0
969,832,1,18,5,8,56,8,1,0
969,838,1,9,1,18,55,13,1,0
969,839,1,15,10,13,56,10,1,0
969,841,1,15,15,16,55,12,1,0
970,1,4,36,131,1,56,1,17,1
970,8,4,39,6,4,56,5,17,0
970,13,6,48,3,6,55,14,17,0
970,20,5,34,6,2,56,2,17,1
970,154,5,35,210,19,55,11,17,0
970,807,5,33,4,7,55,12,17,0
970,815,6,49,10,8,55,9,17,0
970,817,4,33,9,5,56,4,17,0
970,822,4,35,131,3,56,6,17,0
970,825,5,32,210,12,55,8,17,0
970,828,4,6,15,14,55,15,17,0
970,830,4,29,9,16,56,3,17,1
970,832,4,28,5,11,56,7,17,0
970,835,4,30,4,20,55,13,17,0
970,839,5,42,10,17,55,10,17,0
971,1,2,41,131,2,57,2,3,1
971,4,2,36,1,15,54,14,3,0
971,8,2,37,6,5,57,4,3,0
971,13,2,37,3,8,57,6,3,0
971,20,2,33,6,3,57,1,3,1
971,154,2,31,210,9,57,8,3,0
971,807,2,36,4,7,57,9,3,0
971,815,2,36,10,18,57,7,3,0
971,817,2,39,9,4,57,5,3,0
971,822,2,30,131,1,57,3,3,1
971,826,2,41,5,11,56,12,3,0
971,835,2,37,4,10,56,13,3,0
971,836,1,11,15,13,56,11,3,0
971,839,2,37,10,14,57,10,3,0
972,1,1,30,131,4,52,4,71,0
972,8,1,29,6,2,52,3,71,1
972,13,2,41,3,6,51,9,71,0
972,20,1,34,6,1,52,2,71,1
972,807,1,40,4,8,52,8,71,0
972,815,1,27,10,9,52,6,71,0
972,822,1,27,131,3,52,1,71,1
972,825,1,21,210,13,51,13,71,0
972,826,1,21,5,12,51,12,71,0
972,828,2,21,15,18,51,15,71,0
972,830,1,29,9,7,52,5,71,0
972,832,1,24,5,14,51,10,71,0
972,836,2,20,15,17,50,16,71,0
972,838,2,24,1,20,51,14,71,0
972,839,1,26,10,10,52,7,71,0
972,840,1,26,3,11,51,11,71,0
973,1,2,36,131,1,66,1,4,1
973,4,3,51,1,7,64,12,4,0
973,13,3,33,3,9,64,13,4,0
973,20,2,37,6,2,66,2,4,1
973,154,2,34,210,14,65,10,4,0
973,807,2,33,4,13,65,6,4,0
973,815,2,34,10,8,65,4,4,0
973,817,2,38,9,6,66,3,4,1
973,825,3,63,210,11,64,14,4,0
973,826,2,33,5,19,65,9,4,0
973,828,2,32,15,16,64,11,4,0
973,832,2,34,5,12,65,7,4,0
973,835,3,42,4,17,64,15,4,0
973,836,1,33,15,15,65,8,4,0
973,839,2,34,10,10,65,5,4,0
973,840,2,33,3,18,64,16,4,0
974,1,1,46,131,13,78,7,6,0
974,8,1,34,6,1,78,2,6,1
974,13,2,62,3,14,78,9,6,0
974,20,1,39,6,2,78,1,6,1
974,154,1,40,210,8,78,8,6,0
974,815,3,72,10,7,78,13,6,0
974,817,1,38,9,5,78,3,6,1
974,822,1,33,131,3,78,4,6,0
974,825,2,42,210,11,78,10,6,0
974,826,1,36,5,9,71,14,6,0
974,830,2,60,9,4,78,5,6,0
974,832,1,37,5,6,78,6,6,0
974,835,1,42,4,16,78,11,6,0
974,839,3,60,10,15,78,12,6,0
974,840,2,67,3,17,71,15,6,0
975,1,1,32,131,1,70,1,7,1
975,4,1,42,1,12,66,16,7,0
975,8,2,41,6,4,70,7,7,0
975,20,2,49,6,2,70,4,7,0
975,154,1,1,210,14,69,10,7,0
975,807,1,11,4,10,70,8,7,0
975,815,1,19,10,8,70,5,7,0
975,817,1,18,9,6,70,3,7,1
975,822,1,23,131,3,70,2,7,1
975,825,1,46,210,18,69,12,7,0
975,828,1,11,15,19,69,13,7,0
975,835,1,11,4,15,69,11,7,0
975,836,2,40,15,20,68,15,7,0
975,838,1,45,1,16,69,14,7,0
975,839,1,32,10,9,70,6,7,0
975,840,1,25,3,17,69,9,7,0
976,1,4,31,131,1,51,5,73,0
976,4,3,22,1,19,51,9,73,0
976,8,4,33,6,3,46,14,73,0
976,20,4,33,6,4,51,4,73,0
976,154,5,36,210,16,50,13,73,0
976,817,4,22,9,10,51,1,73,1
976,822,4,22,131,2,51,2,73,1
976,825,3,22,210,12,51,7,73,0
976,828,3,22,15,17,51,11,73,0
976,832,3,22,5,15,51,8,73,0
976,836,5,22,15,14,51,10,73,0
976,838,4,33,1,18,51,12,73,0
976,839,4,22,10,7,51,6,73,0
976,840,3,22,3,8,51,3,73,1
977,1,1,31,131,8,71,4,70,0
977,8,1,44,6,3,71,5,70,0
977,13,1,47,3,17,70,9,70,0
977,20,1,34,6,2,71,2,70,1
977,154,1,36,210,6,71,6,70,0
977,807,1,14,4,11,70,13,70,0
977,815,1,35,10,7,70,7,70,0
977,817,1,33,9,4,71,3,70,1
977,822,1,41,131,1,71,1,70,1
977,826,3,55,5,14,68,16,70,0
977,828,1,34,15,19,69,15,70,0
977,835,1,34,4,16,70,11,70,0
977,836,1,35,15,20,70,14,70,0
977,838,2,44,1,13,70,12,70,0
977,839,1,42,10,9,70,8,70,0
977,840,1,35,3,18,70,10,70,0
978,1,1,25,131,1,51,1,9,1
978,8,2,49,6,2,51,3,9,1
978,13,1,25,3,14,50,10,9,0
978,20,2,50,6,3,51,7,9,0
978,154,2,43,210,10,50,13,9,0
978,807,1,24,4,5,51,6,9,0
978,815,1,23,10,6,50,9,9,0
978,817,1,32,9,19,51,5,9,0
978,822,1,32,131,9,51,2,9,1
978,825,1,37,210,16,50,12,9,0
978,826,3,27,5,12,50,15,9,0
978,828,1,28,15,18,50,14,9,0
978,830,2,49,9,4,51,4,9,0
978,836,3,31,15,17,50,17,9,0
978,838,1,26,1,8,50,11,9,0
978,839,1,20,10,7,50,8,9,0
978,840,2,42,3,15,50,16,9,0
979,1,1,31,131,4,70,4,11,0
979,4,1,35,1,7,70,6,11,0
979,8,1,33,6,2,70,2,11,1
979,20,1,32,6,1,70,1,11,1
979,807,1,45,4,12,67,17,11,0
979,815,1,34,10,13,69,8,11,0
979,822,1,30,131,3,70,3,11,1
979,825,1,31,210,15,69,13,11,0
979,826,1,40,5,16,69,11,11,0
979,828,2,63,15,20,68,16,11,0
979,830,1,42,9,5,70,5,11,0
979,832,1,35,5,9,69,7,11,0
979,835,1,46,4,10,69,12,11,0
979,836,2,28,15,18,68,15,11,0
979,838,1,42,1,8,69,10,11,0
979,839,1,35,10,11,69,9,11,0
979,840,1,29,3,17,69,14,11,0
980,1,2,30,131,1,44,1,13,1
980,8,3,29,6,4,44,4,13,0
980,13,2,29,3,16,44,8,13,0
980,20,2,30,6,2,44,2,13,1
980,154,2,29,210,11,44,7,13,0
980,807,2,29,4,7,44,6,13,0
980,815,3,29,10,8,42,17,13,0
980,817,2,30,9,6,44,3,13,1
980,822,2,30,131,3,44,5,13,0
980,825,3,34,210,12,44,15,13,0
980,826,2,30,5,19,44,12,13,0
980,828,3,29,15,17,44,16,13,0
980,832,2,29,5,13,44,10,13,0
980,835,2,30,4,14,44,13,13,0
980,838,2,30,1,20,44,14,13,0
980,839,3,29,10,9,44,9,13,0
980,840,2,29,3,15,44,11,13,0
981,1,1,32,131,1,53,1,14,1
981,4,1,30,1,19,50,17,14,0
981,8,1,15,6,5,53,5,14,0
981,13,1,21,3,7,53,8,14,0
981,20,1,31,6,6,53,3,14,1
981,154,2,34,210,20,52,15,14,0
981,807,1,9,4,14,52,13,14,0
981,815,1,32,10,10,53,9,14,0
981,817,1,37,9,16,53,4,14,0
981,822,1,33,131,4,53,2,14,1
981,825,1,11,210,9,52,11,14,0
981,826,1,19,5,8,52,12,14,0
981,828,1,18,15,11,49,18,14,0
981,830,2,27,9,13,52,10,14,0
981,832,1,13,5,15,52,14,14,0
981,836,1,20,15,12,51,16,14,0
981,839,1,16,10,3,53,6,14,0
981,840,1,17,3,2,53,7,14,0
982,1,4,29,131,5,58,1,15,1
982,13,6,37,3,17,58,11,15,0
982,154,4,27,210,15,58,9,15,0
982,815,5,28,10,12,58,5,15,0
982,817,5,28,9,3,58,2,15,1
982,822,4,28,131,6,58,3,15,1
982,832,4,27,5,10,58,4,15,0
982,835,5,29,4,11,58,6,15,0
982,836,6,37,15,19,56,12,15,0
982,838,5,27,1,9,58,7,15,0
982,839,6,38,10,14,58,10,15,0
982,840,4,26,3,18,58,8,15,0
983,1,1,26,131,1,56,2,2,1
983,4,1,26,1,10,55,11,2,0
983,13,1,11,3,11,55,9,2,0
983,20,1,27,6,20,56,4,2,0
983,154,2,33,210,16,55,13,2,0
983,807,2,50,4,8,55,16,2,0
983,815,1,30,10,9,56,6,2,0
983,817,1,29,9,4,56,3,2,1
983,822,1,28,131,5,56,5,2,0
983,825,1,10,210,17,55,12,2,0
983,828,1,38,15,19,54,18,2,0
983,830,1,27,9,3,56,1,2,1
983,835,1,13,4,12,55,15,2,0
983,836,1,37,15,18,55,17,2,0
983,838,1,13,1,7,55,7,2,0
983,839,1,2,10,6,55,10,2,0
983,840,1,12,3,13,55,8,2,0
983,842,1,12,5,15,55,14,2,0
984,1,1,22,131,1,53,1,22,1
984,4,1,25,1,20,52,11,22,0
984,8,1,28,6,10,53,5,22,0
984,13,1,17,3,8,52,10,22,0
984,154,1,23,210,13,53,9,22,0
984,815,1,21,10,7,53,7,22,0
984,817,1,25,9,3,53,3,22,1
984,822,1,30,131,6,53,4,22,0
984,825,1,19,210,12,53,8,22,0
984,830,1,21,9,4,53,2,22,1
984,835,1,39,4,18,52,12,22,0
984,836,3,25,15,17,51,15,22,0
984,838,2,34,1,9,52,14,22,0
984,839,1,20,10,5,53,6,22,0
984,842,2,39,5,14,52,13,22,0
985,1,1,19,131,1,56,1,69,1
985,8,1,20,6,5,56,3,69,1
985,13,1,29,3,10,55,9,69,0
985,20,2,38,6,2,56,2,69,1
985,154,1,16,210,12,55,14,69,0
985,815,1,12,10,9,55,8,69,0
985,822,2,52,131,3,56,5,69,0
985,825,2,49,210,17,55,16,69,0
985,826,1,17,5,11,55,10,69,0
985,828,1,21,15,13,55,15,69,0
985,830,2,37,9,16,56,4,69,0
985,832,1,19,4,7,56,7,69,0
985,838,1,25,1,20,55,12,69,0
985,839,1,14,10,6,56,6,69,0
985,840,2,36,3,15,55,11,69,0
985,843,2,35,5,19,55,13,69,0
986,1,2,31,131,3,70,9,32,0
986,4,1,32,1,18,70,10,32,0
986,8,1,32,6,5,71,3,32,1
986,13,1,3,3,10,70,11,32,0
986,20,2,32,6,1,71,4,32,0
986,154,2,62,210,15,69,15,32,0
986,815,2,50,10,9,70,7,32,0
986,822,1,32,131,4,71,2,32,1
986,825,1,31,210,14,70,8,32,0
986,830,1,32,9,2,71,1,32,1
986,836,1,4,15,13,69,14,32,0
986,838,1,31,1,19,70,12,32,0
986,839,1,20,10,6,70,5,32,0
986,840,1,32,3,11,70,6,32,0
986,842,1,31,5,20,70,13,32,0
987,1,4,43,131,20,71,4,18,0
987,4,4,28,1,6,71,8,18,0
987,8,4,29,6,3,71,3,18,1
987,13,4,27,3,9,71,7,18,0
987,20,4,28,6,2,71,1,18,1
987,154,4,48,210,11,69,15,18,0
987,807,4,30,4,7,70,10,18,0
987,815,4,35,10,5,71,9,18,0
987,817,4,43,9,14,71,6,18,0
987,822,4,27,131,1,71,2,18,1
987,828,4,44,15,17,70,13,18,0
987,830,5,62,9,4,71,5,18,0
987,832,4,31,4,8,70,11,18,0
987,836,3,3,15,15,70,14,18,0
987,840,5,67,3,16,69,16,18,0
987,842,4,44,5,19,70,12,18,0
988,1,1,24,131,2,55,2,24,1
988,4,1,21,1,11,54,9,24,0
988,8,1,15,6,5,55,4,24,0
988,13,1,22,3,10,54,10,24,0
988,20,1,20,6,3,55,3,24,1
988,154,1,32,210,16,54,11,24,0
988,807,1,17,4,7,55,6,24,0
988,815,1,16,10,8,55,7,24,0
988,822,1,21,131,1,55,1,24,1
988,825,1,22,210,14,54,13,24,0
988,828,1,30,15,19,54,17,24,0
988,830,1,14,9,6,55,5,24,0
988,836,1,28,15,18,54,14,24,0
988,838,1,12,1,13,54,12,24,0
988,839,1,31,10,9,55,8,24,0
988,840,3,35,3,15,54,18,24,0
988,842,1,30,5,17,54,16,24,0
988,843,1,26,5,20,54,15,24,0
989,1,1,19,131,1,58,2,1,1
989,4,1,26,1,10,58,5,1,0
989,8,1,18,6,2,58,3,1,1
989,20,1,26,6,3,58,1,1,1
989,807,1,24,4,7,58,7,1,0
989,815,1,24,10,12,58,11,1,0
989,817,1,26,9,8,58,4,1,0
989,822,1,25,131,15,58,8,1,0
989,830,1,21,9,4,58,6,1,0
989,832,1,22,4,9,58,10,1,0
989,838,1,25,1,11,58,9,1,0
989,839,1,23,10,14,58,12,1,0
989,840,2,29,3,13,58,14,1,0
989,843,2,22,5,16,57,15,1,0
989,844,2,27,15,18,58,13,1,0
990,1,1,26,131,9,57,3,3,1
990,4,2,39,1,13,56,7,3,0
990,20,1,18,6,1,57,1,3,1
990,154,3,45,210,16,56,13,3,0
990,807,2,39,4,7,57,6,3,0
990,815,2,32,10,12,56,16,3,0
990,822,1,20,131,3,57,2,3,1
990,825,2,27,210,6,57,5,3,0
990,828,1,23,15,17,56,9,3,0
990,832,2,26,4,10,56,11,3,0
990,838,2,28,1,14,56,8,3,0
990,839,2,35,10,8,56,10,3,0
990,840,2,30,3,20,56,14,3,0
990,842,2,34,5,5,57,4,3,0
990,843,2,42,5,11,56,17,3,0
990,844,2,34,15,19,56,12,3,0
990,845,2,40,3,18,56,15,3,0
991,1,1,18,131,4,56,4,17,0
991,4,1,29,1,13,56,7,17,0
991,8,1,27,6,2,56,3,17,1
991,20,1,20,6,1,56,8,17,0
991,154,2,46,210,10,56,17,17,0
991,807,2,31,4,7,56,6,17,0
991,815,2,32,10,8,56,12,17,0
991,817,2,31,9,6,56,1,17,1
991,822,1,19,131,3,56,2,17,1
991,825,1,24,210,11,56,10,17,0
991,828,1,29,15,20,56,16,17,0
991,830,2,31,9,5,56,5,17,0
991,832,2,31,4,9,56,9,17,0
991,838,1,22,1,14,56,13,17,0
991,839,2,31,10,12,56,11,17,0
991,840,1,23,3,18,56,14,17,0
991,842,2,31,5,17,56,18,17,0
991,843,2,30,5,15,51,20,17,0
991,844,1,21,15,19,56,19,17,0
991,845,2,33,3,16,56,15,17,0
992,1,2,40,131,2,51,1,73,1
992,4,2,40,1,12,51,7,73,0
992,8,2,40,6,6,51,2,73,1
992,20,2,40,6,1,51,4,73,0
992,815,2,40,10,8,51,3,73,1
992,825,2,39,210,15,51,13,73,0
992,828,4,39,15,18,51,11,73,0
992,832,2,40,4,9,51,5,73,0
992,838,4,46,1,16,51,9,73,0
992,840,2,40,3,10,51,8,73,0
992,842,2,39,5,17,51,12,73,0
992,843,3,39,5,19,51,10,73,0
992,844,2,40,15,13,51,6,73,0
993,1,1,25,131,1,66,1,4,1
993,4,1,21,1,8,65,8,4,0
993,20,2,41,6,3,66,4,4,0
993,815,2,40,10,15,64,9,4,0
993,817,1,33,9,6,66,5,4,0
993,822,1,19,131,2,66,2,4,1
993,825,1,32,210,7,65,6,4,0
993,828,1,35,15,17,64,13,4,0
993,830,1,34,9,5,66,3,4,1
993,832,1,25,4,9,65,7,4,0
993,840,1,20,3,18,64,11,4,0
993,843,2,33,5,20,64,12,4,0
993,844,1,20,15,14,64,10,4,0
993,845,3,41,3,19,63,14,4,0
994,1,1,12,131,3,78,3,6,1
994,8,1,17,6,4,78,4,6,0
994,20,1,16,6,2,78,2,6,1
994,154,2,68,210,18,77,15,6,0
994,807,1,50,4,11,78,8,6,0
994,815,1,21,10,9,78,12,6,0
994,817,1,17,9,1,78,1,6,1
994,822,1,17,131,5,78,5,6,0
994,825,1,17,210,19,78,13,6,0
994,828,1,17,15,16,78,11,6,0
994,830,1,47,9,20,78,9,6,0
994,832,1,16,4,8,78,10,6,0
994,838,2,72,1,12,77,14,6,0
994,839,1,23,10,6,78,6,6,0
994,840,3,59,3,17,76,17,6,0
994,842,1,37,5,10,78,7,6,0
994,845,3,49,3,13,77,16,6,0
995,1,1,16,131,4,68,5,7,0
995,8,1,32,6,5,68,6,7,0
995,20,1,37,6,1,68,1,7,1
995,154,1,48,210,20,67,12,7,0
995,807,1,13,4,7,67,7,7,0
995,815,2,44,10,10,67,14,7,0
995,817,1,17,9,6,68,4,7,0
995,822,1,36,131,2,68,2,7,1
995,825,1,22,210,11,67,13,7,0
995,828,1,1,15,19,66,15,7,0
995,830,1,16,9,3,68,3,7,1
995,832,1,14,4,9,67,8,7,0
995,838,2,48,1,15,66,16,7,0
995,839,1,11,10,8,67,9,7,0
995,842,1,23,5,16,67,11,7,0
995,844,1,19,15,13,67,10,7,0
995,845,1,26,3,18,66,17,7,0
996,1,1,33,131,1,53,1,34,1
996,4,2,46,1,16,50,16,34,0
996,8,1,34,6,6,53,3,34,1
996,20,2,40,6,3,53,5,34,0
996,154,1,34,210,10,52,11,34,0
996,807,1,37,4,12,53,9,34,0
996,817,1,28,9,5,53,4,34,0
996,822,2,39,131,2,53,7,34,0
996,825,1,28,210,9,53,6,34,0
996,828,1,35,15,15,52,13,34,0
996,830,1,25,9,4,53,2,34,1
996,832,1,26,4,7,53,8,34,0
996,838,1,40,1,17,52,12,34,0
996,840,1,1,3,19,48,17,34,0
996,843,1,38,5,20,52,14,34,0
996,844,1,31,15,8,53,10,34,0
996,845,1,1,3,18,52,15,34,0
997,4,1,15,1,13,70,8,70,0
997,8,1,15,6,3,71,2,70,1
997,20,1,15,6,6,71,3,70,1
997,154,1,15,210,5,70,4,70,0
997,815,1,27,10,16,70,7,70,0
997,825,1,28,210,8,70,5,70,0
997,828,1,45,15,20,70,10,70,0
997,830,1,15,9,4,71,1,70,1
997,832,2,34,4,9,70,12,70,0
997,838,2,40,1,15,65,15,70,0
997,839,1,15,10,11,70,6,70,0
997,840,2,65,3,14,69,14,70,0
997,842,1,15,5,12,70,11,70,0
997,844,1,15,15,18,70,9,70,0
997,845,2,60,3,17,69,13,70,0
998,1,1,25,131,1,52,2,9,1
998,4,2,32,1,13,52,8,9,0
998,8,2,33,6,3,52,3,9,1
998,20,2,33,6,2,52,1,9,1
998,807,1,20,4,11,52,6,9,0
998,815,2,32,10,12,52,10,9,0
998,817,2,30,9,6,52,5,9,0
998,822,1,21,131,4,52,4,9,0
998,825,1,25,210,7,52,9,9,0
998,838,2,33,1,17,52,11,9,0
998,839,1,19,10,10,52,7,9,0
998,840,1,30,3,19,52,12,9,0
998,842,2,32,5,14,52,13,9,0
998,845,1,21,3,18,52,14,9,0
999,1,1,42,131,14,67,1,10,1
999,4,3,47,1,11,65,16,10,0
999,8,2,53,6,3,67,3,10,1
999,154,3,55,210,6,67,6,10,0
999,807,3,55,4,7,67,5,10,0
999,815,1,22,10,10,67,7,10,0
999,822,2,52,131,2,67,2,10,1
999,825,3,55,210,5,67,11,10,0
999,828,1,38,15,13,67,9,10,0
999,830,3,48,9,4,67,4,10,0
999,832,3,56,4,8,67,12,10,0
999,838,2,52,1,19,67,13,10,0
999,839,1,25,10,15,67,8,10,0
999,842,2,46,5,16,66,14,10,0
999,843,2,52,5,17,67,10,10,0
999,844,3,46,15,9,66,15,10,0
1000,1,1,25,131,1,70,1,11,1
1000,4,1,39,1,11,69,8,11,0
1000,8,2,38,6,3,70,3,11,1
1000,20,1,39,6,4,70,2,11,1
1000,154,1,29,210,10,69,10,11,0
1000,807,2,50,4,13,69,12,11,0
1000,815,1,22,10,19,69,14,11,0
1000,817,1,44,9,12,70,4,11,0
1000,822,1,15,131,2,70,5,11,0
1000,825,1,31,210,9,69,7,11,0
1000,828,1,6,15,14,68,15,11,0
1000,832,1,25,4,5,69,9,11,0
1000,839,1,39,10,18,69,13,11,0
1000,840,1,47,3,15,68,17,11,0
1000,842,1,32,5,6,70,6,11,0
1000,843,1,24,5,8,69,11,11,0
1000,845,1,31,3,20,68,16,11,0
1001,1,2,21,131,1,44,2,13,1
1001,20,2,22,6,2,44,1,13,1
1001,154,2,23,210,5,44,7,13,0
1001,815,2,25,10,4,44,5,13,0
1001,822,3,29,131,19,44,4,13,0
1001,825,2,26,210,9,44,8,13,0
1001,828,2,26,15,13,43,10,13,0
1001,830,2,26,9,7,44,3,13,1
1001,832,2,22,4,14,43,11,13,0
1001,838,3,28,1,18,43,15,13,0
1001,839,2,24,10,3,44,6,13,0
1001,840,2,23,3,17,43,13,13,0
1001,842,2,25,5,10,44,9,13,0
1001,843,2,31,5,11,43,14,13,0
1001,845,2,24,3,16,43,12,13,0
1002,1,1,28,131,3,53,1,14,1
1002,8,1,20,6,1,53,2,14,1
1002,20,2,29,6,2,53,4,14,0
1002,807,2,41,4,20,52,14,14,0
1002,815,1,39,10,14,53,8,14,0
1002,822,1,36,131,4,53,3,14,1
1002,825,1,4,210,11,52,17,14,0
1002,828,2,42,15,18,52,16,14,0
1002,830,1,26,9,5,53,5,14,0
1002,832,1,39,4,7,53,9,14,0
1002,838,1,24,1,17,52,13,14,0
1002,839,1,38,10,8,53,7,14,0
1002,840,1,35,3,10,52,10,14,0
1002,842,1,34,5,9,52,15,14,0
1002,844,1,34,15,15,52,12,14,0
1002,845,1,37,3,12,52,11,14,0
1003,1,1,15,131,1,61,1,15,1
1003,4,1,38,1,11,61,7,15,0
1003,8,1,22,6,5,61,5,15,0
1003,20,1,14,6,3,61,3,15,1
1003,154,1,16,210,8,60,15,15,0
1003,807,1,15,4,10,60,10,15,0
1003,815,3,39,10,7,60,16,15,0
1003,817,1,27,9,6,61,6,15,0
1003,822,1,16,131,4,61,4,15,0
1003,825,3,48,210,16,59,18,15,0
1003,828,1,44,15,14,60,11,15,0
1003,830,1,17,9,2,61,2,15,1
1003,832,1,37,4,12,60,8,15,0
1003,838,1,43,1,18,60,12,15,0
1003,840,1,40,3,20,60,14,15,0
1003,842,1,26,5,15,60,13,15,0
1003,843,2,36,5,17,60,17,15,0
1003,844,1,38,15,13,60,9,15,0
1003,845,2,45,3,19,59,19,15,0
1004,1,1,14,131,2,53,1,71,1
1004,4,1,5,1,16,52,14,71,0
1004,8,1,18,6,4,53,4,71,0
1004,20,1,13,6,3,53,3,71,1
1004,154,1,8,210,9,52,11,71,0
1004,807,1,35,4,12,52,12,71,0
1004,815,1,12,10,8,52,10,71,0
1004,817,1,39,9,18,53,6,71,0
1004,822,1,12,131,1,53,2,71,1
1004,825,1,9,210,5,52,8,71,0
1004,828,2,37,15,10,52,13,71,0
1004,830,1,43,9,19,53,5,71,0
1004,832,1,32,4,11,51,17,71,0
1004,838,1,11,1,15,51,16,71,0
1004,839,1,10,10,6,52,9,71,0
1004,840,1,7,3,14,52,15,71,0
1004,844,1,10,15,7,53,7,71,0
1004,845,1,10,3,13,51,18,71,0
1005,1,1,24,131,1,53,1,22,1
1005,4,1,26,1,18,52,14,22,0
1005,8,1,17,6,4,53,5,22,0
1005,20,1,26,6,8,53,6,22,0
1005,154,1,29,210,5,53,8,22,0
1005,815,1,24,10,9,53,7,22,0
1005,817,1,23,9,15,53,4,22,0
1005,822,1,23,131,2,53,2,22,1
1005,828,1,5,15,20,52,12,22,0
1005,830,1,21,9,3,53,3,22,1
1005,832,1,32,4,13,52,10,22,0
1005,838,1,23,1,19,52,15,22,0
1005,839,1,26,10,11,53,9,22,0
1005,840,2,39,3,14,52,17,22,0
1005,842,1,29,5,7,52,11,22,0
1005,843,1,28,5,6,52,13,22,0
1005,845,2,38,3,17,52,16,22,0
1006,1,2,37,131,1,56,3,69,1
1006,8,1,21,6,2,56,1,69,1
1006,20,1,26,6,5,56,4,69,0
1006,807,1,23,4,7,56,6,69,0
1006,815,1,25,10,10,56,8,69,0
1006,822,1,23,131,3,56,5,69,0
1006,828,1,30,15,16,55,10,69,0
1006,830,1,22,9,18,56,2,69,1
1006,832,1,24,4,11,56,7,69,0
1006,838,2,40,1,17,55,11,69,0
1006,840,3,38,3,15,54,14,69,0
1006,842,2,36,5,19,55,12,69,0
1006,843,1,27,5,20,55,9,69,0
1006,845,2,29,3,14,55,13,69,0
1007,1,2,47,131,3,71,4,32,0
1007,8,1,17,6,6,71,3,32,1
1007,20,2,47,6,4,71,2,32,1
1007,154,2,60,210,18,68,16,32,0
1007,807,1,12,4,7,69,6,32,0
1007,822,3,62,131,5,70,5,32,0
1007,825,1,43,210,16,69,15,32,0
1007,828,1,16,15,10,69,9,32,0
1007,830,2,48,9,2,71,1,32,1
1007,838,1,12,1,15,69,8,32,0
1007,839,2,30,10,11,69,11,32,0
1007,840,2,23,3,17,69,12,32,0
1007,842,2,26,5,20,69,10,32,0
1007,843,2,24,5,14,69,14,32,0
1007,844,1,13,15,9,69,7,32,0
1007,845,1,11,3,19,69,13,32,0
1008,1,1,19,131,1,71,1,18,1
1008,4,2,54,1,17,69,17,18,0
1008,8,1,31,6,4,71,3,18,1
1008,20,2,53,6,2,71,6,18,0
1008,154,1,32,210,8,71,8,18,0
1008,815,1,39,10,12,70,10,18,0
1008,817,1,39,9,11,71,4,18,0
1008,822,2,59,131,3,71,5,18,0
1008,825,1,41,210,10,71,9,18,0
1008,830,1,35,9,5,71,2,18,1
1008,832,2,48,4,15,70,12,18,0
1008,838,1,28,1,20,70,14,18,0
1008,839,2,57,10,18,70,15,18,0
1008,840,2,65,3,19,69,18,18,0
1008,842,1,22,5,9,70,13,18,0
1008,843,1,49,5,16,70,11,18,0
1008,844,1,35,15,7,71,7,18,0
1008,845,1,16,3,14,69,16,18,0
1009,1,1,7,131,1,55,1,24,1
1009,4,1,27,1,15,54,11,24,0
1009,20,1,15,6,3,55,2,24,1
1009,154,1,7,210,7,54,9,24,0
1009,815,1,26,10,14,55,8,24,0
1009,817,1,33,9,5,55,4,24,0
1009,822,2,40,131,2,55,5,24,0
1009,825,1,41,210,13,54,10,24,0
1009,830,1,17,9,6,55,3,24,1
1009,832,1,37,4,11,55,6,24,0
1009,838,1,35,1,18,54,14,24,0
1009,840,1,40,3,20,54,13,24,0
1009,843,1,1,5,16,54,12,24,0
1009,844,1,7,15,8,55,7,24,0
1009,845,1,35,3,19,54,15,24,0
1010,1,1,15,131,1,58,2,1,1
1010,8,1,12,51,9,57,8,1,0
1010,9,3,44,3,20,55,17,1,0
1010,20,1,14,6,3,58,4,1,0
1010,807,1,13,4,11,57,7,1,0
1010,815,1,13,211,10,57,13,1,0
1010,822,1,23,131,2,58,1,1,1
1010,825,1,14,210,7,58,6,1,0
1010,826,1,26,5,15,57,10,1,0
1010,830,1,25,9,4,58,3,1,1
1010,840,1,27,211,16,57,9,1,0
1010,841,1,27,51,14,57,15,1,0
1010,842,1,37,9,17,57,11,1,0
1010,844,1,28,6,5,58,5,1,0
1010,846,1,15,1,8,57,12,1,0
1010,847,2,42,3,19,56,16,1,0
1010,848,1,14,5,13,57,14,1,0
1011,1,2,34,131,3,57,1,3,1
1011,8,2,33,51,8,57,7,3,0
1011,9,2,27,3,20,55,16,3,0
1011,20,3,38,6,2,57,5,3,0
1011,815,2,33,211,14,57,10,3,0
1011,822,2,37,131,4,57,2,3,1
1011,825,2,38,210,6,56,13,3,0
1011,826,2,38,5,15,56,12,3,0
1011,830,2,32,9,5,57,4,3,0
1011,840,2,23,211,18,56,14,3,0
1011,841,2,40,51,16,57,11,3,0
1011,842,2,39,9,13,57,8,3,0
1011,844,2,36,6,1,57,3,3,1
1011,846,2,34,1,9,57,6,3,0
1011,847,2,26,3,19,56,15,3,0
1011,848,2,25,5,12,57,9,3,0
1012,1,2,36,131,2,56,1,17,1
1012,8,1,25,51,13,55,9,17,0
1012,9,1,26,3,18,54,17,17,0
1012,20,2,35,6,3,56,3,17,1
1012,154,2,35,210,10,55,11,17,0
1012,815,1,20,211,12,55,8,17,0
1012,817,1,18,4,7,55,7,17,0
1012,822,2,36,131,1,56,2,17,1
1012,825,2,33,210,9,55,13,17,0
1012,830,2,34,9,5,56,4,17,0
1012,832,2,36,1,14,55,14,17,0
1012,840,2,44,211,16,55,12,17,0
1012,841,2,30,51,19,55,15,17,0
1012,842,3,53,9,6,56,6,17,0
1012,844,2,42,6,4,56,5,17,0
1012,846,3,34,1,15,50,18,17,0
1012,847,2,49,3,17,54,16,17,0
1012,848,1,19,5,0,55,10,17,0
1013,1,1,13,131,2,51,2,73,1
1013,8,1,6,51,0,50,10,73,0
1013,9,3,42,3,0,49,16,73,0
1013,20,1,11,6,3,51,3,73,1
1013,807,2,34,4,15,50,14,73,0
1013,815,1,10,211,5,51,6,73,0
1013,822,1,12,131,1,51,1,73,1
1013,825,2,39,210,12,50,13,73,0
1013,830,1,14,9,4,51,4,73,0
1013,832,1,12,1,9,51,7,73,0
1013,840,1,10,211,13,51,9,73,0
1013,841,1,7,51,17,50,12,73,0
1013,844,2,47,6,8,51,5,73,0
1013,846,2,39,1,7,51,8,73,0
1013,847,2,38,3,16,49,15,73,0
1013,848,1,12,5,11,50,11,73,0
1014,1,2,46,131,2,66,1,4,1
1014,8,2,45,51,14,66,14,4,0
1014,9,2,44,3,17,65,18,4,0
1014,20,2,40,6,3,66,4,4,0
1014,154,2,46,210,7,66,10,4,0
1014,807,1,35,4,0,66,13,4,0
1014,815,2,45,211,15,66,15,4,0
1014,817,2,45,4,13,66,12,4,0
1014,822,2,45,131,1,66,2,4,1
1014,825,2,45,210,8,66,7,4,0
1014,826,2,45,5,9,66,9,4,0
1014,830,2,43,9,4,66,3,4,1
1014,832,2,46,1,12,66,8,4,0
1014,841,2,41,51,18,66,16,4,0
1014,842,2,46,9,6,66,6,4,0
1014,844,2,46,6,5,66,5,4,0
1014,847,2,44,3,19,65,17,4,0
1014,848,2,45,5,11,66,11,4,0
1015,1,1,11,131,1,78,1,6,1
1015,8,1,46,51,14,77,17,6,0
1015,9,1,21,3,20,77,18,6,0
1015,20,1,11,6,4,78,2,6,1
1015,154,1,50,210,13,78,10,6,0
1015,807,1,9,4,11,77,13,6,0
1015,815,1,11,211,16,77,12,6,0
1015,817,1,11,4,6,78,9,6,0
1015,822,2,12,131,2,78,3,6,1
1015,825,1,11,210,5,77,14,6,0
1015,826,1,32,5,7,78,7,6,0
1015,830,1,11,9,3,78,4,6,0
1015,832,1,30,1,9,78,6,6,0
1015,840,1,39,211,17,77,16,6,0
1015,841,1,44,51,18,76,19,6,0
1015,842,2,62,9,8,78,5,6,0
1015,846,1,47,1,12,78,11,6,0
1015,847,1,10,3,19,77,15,6,0
1015,848,1,40,5,10,78,8,6,0
1016,1,1,28,131,2,70,1,7,1
1016,8,2,58,51,16,69,15,7,0
1016,9,2,38,3,19,67,18,7,0
1016,20,1,26,6,1,70,2,7,1
1016,154,1,34,210,14,69,14,7,0
1016,807,1,16,4,7,69,7,7,0
1016,815,1,11,211,15,69,12,7,0
1016,817,1,8,4,4,69,6,7,0
1016,822,2,67,131,6,70,4,7,0
1016,825,1,39,210,0,68,17,7,0
1016,826,1,12,5,10,69,10,7,0
1016,830,1,48,9,9,70,5,7,0
1016,832,1,3,1,11,69,11,7,0
1016,840,1,45,211,17,69,9,7,0
1016,841,1,33,51,12,69,13,7,0
1016,842,1,7,9,5,69,8,7,0
1016,844,1,33,6,3,70,3,7,1
1016,847,1,9,3,18,68,16,7,0
1017,1,1,24,131,1,53,1,34,1
1017,8,1,31,51,12,52,7,34,0
1017,9,1,24,3,18,51,18,34,0
1017,20,2,51,6,7,53,5,34,0
1017,154,1,31,210,16,44,20,34,0
1017,807,1,34,4,13,52,8,34,0
1017,815,1,18,211,14,52,12,34,0
1017,817,1,16,4,8,52,11,34,0
1017,822,1,23,131,2,53,2,34,1
1017,825,1,16,210,15,52,17,34,0
1017,826,1,32,5,19,52,14,34,0
1017,830,1,20,9,4,53,4,34,0
1017,832,1,19,1,6,53,6,34,0
1017,840,1,39,211,17,52,13,34,0
1017,841,2,34,51,10,52,16,34,0
1017,842,1,17,9,9,52,10,34,0
1017,844,1,21,6,3,53,3,34,1
1017,846,1,18,1,5,52,9,34,0
1017,847,2,33,3,20,51,19,34,0
1017,848,1,25,5,11,52,15,34,0
1018,1,1,30,131,4,71,5,70,0
1018,8,1,23,51,6,70,9,70,0
1018,9,1,19,3,17,68,20,70,0
1018,20,2,50,6,9,71,4,70,0
1018,154,1,34,210,11,70,16,70,0
1018,807,1,26,4,15,70,13,70,0
1018,815,1,28,211,13,70,11,70,0
1018,817,1,46,4,12,70,12,70,0
1018,822,1,21,131,3,71,3,70,1
1018,825,3,62,210,10,69,19,70,0
1018,826,1,32,5,16,70,17,70,0
1018,830,1,31,9,2,71,1,70,1
1018,832,1,41,1,19,70,8,70,0
1018,840,1,25,211,14,70,14,70,0
1018,841,1,24,51,7,70,10,70,0
1018,842,1,25,9,8,70,7,70,0
1018,844,1,22,6,1,71,2,70,1
1018,846,1,25,1,5,70,6,70,0
1018,847,1,27,3,0,69,18,70,0
1018,848,1,35,5,18,70,15,70,0
1019,1,1,20,131,2,52,1,9,1
1019,8,1,17,51,12,52,8,9,0
1019,9,1,20,3,20,51,15,9,0
1019,20,2,38,6,6,51,16,9,0
1019,807,1,13,4,10,52,10,9,0
1019,815,3,46,211,15,51,17,9,0
1019,817,2,20,4,7,52,7,9,0
1019,822,2,45,131,1,52,2,9,1
1019,826,2,21,5,17,52,9,9,0
1019,830,2,20,9,4,52,5,9,0
1019,832,1,20,1,13,52,6,9,0
1019,840,2,39,211,18,52,13,9,0
1019,842,1,12,9,5,52,4,9,0
1019,844,2,21,6,3,52,3,9,1
1019,846,2,35,1,8,52,11,9,0
1019,847,1,21,3,19,51,14,9,0
1019,848,1,13,5,9,52,12,9,0
1020,1,6,56,131,1,64,9,10,0
1020,8,4,47,51,5,64,12,10,0
1020,9,5,57,3,18,64,10,10,0
1020,20,5,47,6,20,64,2,10,1
1020,154,5,46,210,6,64,7,10,0
1020,825,6,57,210,12,64,8,10,0
1020,826,4,45,5,14,64,3,10,1
1020,830,5,46,9,2,64,1,10,1
1020,832,3,46,1,7,64,5,10,0
1020,840,5,44,211,15,64,4,10,0
1020,841,4,47,51,11,64,13,10,0
1020,842,4,46,9,4,61,14,10,0
1020,847,5,57,3,17,64,11,10,0
1020,848,4,46,5,16,64,6,10,0
1021,1,2,48,131,3,70,1,11,1
1021,8,1,29,51,10,69,7,11,0
1021,9,1,18,3,19,67,19,11,0
1021,20,1,39,6,5,70,3,11,1
1021,807,1,36,4,11,69,12,11,0
1021,815,1,18,211,16,69,11,11,0
1021,817,1,46,4,20,69,14,11,0
1021,822,2,46,131,2,69,8,11,0
1021,825,1,38,210,14,69,13,11,0
1021,826,1,21,5,13,68,15,11,0
1021,830,2,67,9,1,70,2,11,1
1021,832,1,29,1,8,69,5,11,0
1021,840,2,50,211,18,68,17,11,0
1021,841,1,15,51,17,68,18,11,0
1021,842,1,28,9,6,69,6,11,0
1021,844,1,27,6,4,70,4,11,0
1021,846,1,28,1,7,69,9,11,0
1021,847,1,16,3,15,68,16,11,0
1021,848,1,28,5,12,69,10,11,0
1022,1,1,22,131,3,44,2,13,1
1022,8,3,31,51,6,43,16,13,0
1022,9,1,31,3,0,43,17,13,0
1022,20,2,33,6,2,44,4,13,0
1022,154,1,16,210,9,43,13,13,0
1022,807,2,31,4,12,44,8,13,0
1022,815,1,15,211,7,44,6,13,0
1022,817,1,1,4,10,43,14,13,0
1022,822,1,23,131,4,44,3,13,1
1022,825,1,25,210,8,43,12,13,0
1022,826,1,24,5,19,44,7,13,0
1022,840,2,30,211,16,44,10,13,0
1022,841,1,29,51,18,42,18,13,0
1022,842,1,13,5,13,44,9,13,0
1022,844,1,21,6,1,44,1,13,1
1022,846,1,19,1,11,43,11,13,0
1022,847,1,30,3,14,43,15,13,0
1022,848,1,23,9,17,44,5,13,0
1023,1,2,49,131,2,53,3,14,1
1023,8,2,26,51,0,52,15,14,0
1023,9,2,44,3,15,51,17,14,0
1023,20,3,41,6,4,52,13,14,0
1023,154,2,29,210,13,52,16,14,0
1023,807,1,29,4,6,53,5,14,0
1023,815,1,28,211,18,53,7,14,0
1023,817,1,30,4,5,53,4,14,0
1023,822,1,27,131,3,53,2,14,1
1023,830,2,27,9,19,53,8,14,0
1023,840,2,22,211,9,52,12,14,0
1023,841,1,21,51,10,52,9,14,0
1023,842,1,28,5,17,52,11,14,0
1023,844,1,20,6,1,53,1,14,1
1023,846,1,23,1,16,52,10,14,0
1023,847,1,23,3,14,52,14,14,0
1023,848,1,26,9,8,53,6,14,0
1024,1,1,26,131,2,61,4,15,0
1024,9,2,44,3,19,61,16,15,0
1024,20,1,19,6,3,61,1,15,1
1024,154,2,35,210,17,61,11,15,0
1024,807,2,36,4,8,61,9,15,0
1024,817,1,34,4,20,61,14,15,0
1024,822,1,22,131,5,61,5,15,0
1024,825,2,56,210,13,61,17,15,0
1024,826,2,36,5,14,61,15,15,0
1024,830,1,19,9,4,61,3,15,1
1024,832,2,35,1,7,61,12,15,0
1024,840,3,44,211,16,61,13,15,0
1024,841,2,36,51,10,61,10,15,0
1024,842,1,32,5,11,61,8,15,0
1024,844,1,20,6,1,61,2,15,1
1024,846,1,20,1,9,61,7,15,0
1024,848,1,20,9,6,61,6,15,0
1025,1,1,28,131,2,53,1,71,1
1025,8,2,27,51,15,53,13,71,0
1025,807,2,29,4,6,53,10,71,0
1025,815,1,23,211,11,53,7,71,0
1025,822,1,28,131,4,53,2,71,1
1025,825,1,27,210,13,53,9,71,0
1025,826,2,29,5,19,53,12,71,0
1025,830,1,28,9,9,53,4,71,0
1025,832,1,21,1,5,53,6,71,0
1025,840,1,27,211,14,53,11,71,0
1025,841,2,27,51,12,53,15,71,0
1025,842,1,26,5,16,53,14,71,0
1025,844,2,30,6,1,53,3,71,1
1025,846,1,20,1,7,53,8,71,0
1025,848,1,29,9,0,53,5,71,0
1026,1,2,42,131,4,52,3,22,1
1026,8,2,36,51,13,51,12,22,0
1026,9,2,33,3,0,50,16,22,0
1026,20,2,31,6,1,52,2,22,1
1026,154,1,16,210,10,51,13,22,0
1026,815,2,41,211,17,51,8,22,0
1026,822,2,36,131,3,52,1,22,1
1026,825,2,47,210,19,51,15,22,0
1026,826,1,27,5,14,51,10,22,0
1026,832,1,26,1,7,52,5,22,0
1026,840,1,18,211,12,51,9,22,0
1026,841,2,49,51,11,51,14,22,0
1026,842,1,18,5,9,51,7,22,0
1026,844,3,46,6,2,51,6,22,0
1026,846,2,25,1,8,51,11,22,0
1026,847,1,25,3,18,50,16,22,0
1026,848,2,34,9,6,52,4,22,0
1027,1,1,23,131,3,71,1,32,1
1027,9,2,60,3,20,69,18,32,0
1027,20,1,37,6,2,71,2,32,1
1027,154,1,37,210,18,69,17,32,0
1027,807,1,18,4,12,70,10,32,0
1027,815,1,20,211,11,71,7,32,0
1027,817,1,50,4,13,71,8,32,0
1027,822,1,36,131,6,71,3,32,1
1027,825,1,28,210,17,69,15,32,0
1027,826,2,44,5,9,70,11,32,0
1027,830,1,5,9,4,71,6,32,0
1027,832,2,35,1,7,70,13,32,0
1027,840,1,37,211,16,70,12,32,0
1027,841,1,21,51,15,70,14,32,0
1027,842,2,49,5,10,70,9,32,0
1027,844,2,43,6,1,71,4,32,0
1027,847,1,22,3,19,69,16,32,0
1027,848,2,44,9,5,71,5,32,0
1028,1,1,24,131,5,56,2,69,1
1028,8,2,40,51,17,55,11,69,0
1028,154,1,24,210,15,55,15,69,0
1028,807,2,39,4,11,55,9,69,0
1028,815,1,24,211,0,55,10,69,0
1028,817,1,21,4,9,56,6,69,0
1028,822,2,35,131,1,56,1,69,1
1028,825,2,40,210,12,52,18,69,0
1028,826,2,39,5,13,55,12,69,0
1028,830,2,34,9,3,56,3,69,1
1028,832,1,18,1,7,55,8,69,0
1028,840,2,29,211,14,55,13,69,0
1028,841,2,39,51,16,55,14,69,0
1028,842,2,53,5,10,54,16,69,0
1028,844,2,42,6,4,56,4,69,0
1028,846,2,42,1,8,56,7,69,0
1028,847,2,46,3,18,54,17,69,0
1028,848,3,40,9,6,56,5,69,0
1029,1,3,66,131,3,71,7,18,0
1029,8,2,47,51,8,71,4,18,0
1029,9,4,66,3,19,70,16,18,0
1029,20,2,49,6,2,65,17,18,0
1029,154,2,65,210,7,71,13,18,0
1029,807,3,53,4,13,71,15,18,0
1029,815,2,45,211,15,71,9,18,0
1029,817,2,40,4,11,71,6,18,0
1029,825,2,53,210,9,71,11,18,0
1029,826,2,46,5,16,71,10,18,0
1029,830,3,54,9,1,71,1,18,1
1029,832,1,29,1,20,71,3,18,1
1029,840,2,53,211,17,65,19,18,0
1029,841,2,46,51,12,71,5,18,0
1029,842,2,47,5,6,71,2,18,1
1029,844,2,54,6,14,65,18,18,0
1029,846,2,53,1,10,71,8,18,0
1029,847,3,66,3,18,71,12,18,0
1029,848,2,50,9,5,71,14,18,0
1030,1,1,26,131,1,55,1,24,1
1030,8,1,22,51,17,54,13,24,0
1030,9,1,24,3,19,53,19,24,0
1030,20,2,38,6,4,55,5,24,0
1030,154,1,18,210,15,54,15,24,0
1030,807,1,18,4,9,54,12,24,0
1030,815,1,37,211,10,54,7,24,0
1030,817,2,42,4,7,54,11,24,0
1030,822,1,29,131,20,55,4,24,0
1030,825,1,20,210,14,54,14,24,0
1030,826,1,40,5,13,54,9,24,0
1030,830,1,25,9,2,55,2,24,1
1030,832,2,41,1,8,54,10,24,0
1030,841,2,26,51,16,54,16,24,0
1030,844,2,38,6,3,55,3,24,1
1030,846,1,8,1,6,54,8,24,0
1030,847,1,32,3,18,54,17,24,0
1030,848,1,13,9,5,55,6,24,0
1031,1,2,56,131,5,71,4,70,0
1031,20,3,56,6,11,71,10,70,0
1031,815,2,56,211,6,71,6,70,0
1031,822,2,56,131,1,71,1,70,1
1031,826,3,56,213,13,69,12,70,0
1031,832,3,56,1,8,71,5,70,0
1031,839,2,56,4,14,71,8,70,0
1031,841,3,56,51,18,71,9,70,0
1031,842,2,56,213,12,71,7,70,0
1031,844,3,56,6,7,71,2,70,1
1031,846,3,56,1,3,71,3,70,1
1031,848,3,56,9,4,67,13,70,0
1031,849,3,56,3,20,71,11,70,0
1032,1,1,27,131,1,71,1,70,1
1032,8,1,44,51,16,70,11,70,0
1032,154,1,37,210,0,70,13,70,0
1032,815,1,38,211,17,71,6,70,0
1032,817,1,37,4,8,71,8,70,0
1032,822,1,34,131,4,71,2,70,1
1032,825,1,31,210,15,70,12,70,0
1032,826,1,36,213,13,70,10,70,0
1032,830,2,68,9,2,71,3,70,1
1032,832,2,66,1,3,70,9,70,0
1032,840,1,33,211,12,71,7,70,0
1032,841,1,39,51,19,70,14,70,0
1032,842,2,49,213,7,70,15,70,0
1032,846,1,39,1,9,71,5,70,0
1032,847,1,34,3,11,69,16,70,0
1032,848,1,35,9,6,71,4,70,0
1032,849,1,32,3,18,69,17,70,0
1033,1,3,66,131,1,70,1,11,1
1033,8,2,33,51,20,69,15,11,0
1033,20,2,29,6,5,69,6,11,0
1033,154,1,34,210,0,69,16,11,0
1033,815,2,35,211,4,69,7,11,0
1033,817,2,43,4,11,69,8,11,0
1033,822,3,49,131,2,70,3,11,1
1033,825,1,35,210,0,69,10,11,0
1033,826,2,18,213,17,69,12,11,0
1033,830,2,36,9,7,70,2,11,1
1033,832,2,40,1,9,69,9,11,0
1033,839,2,31,4,14,69,14,11,0
1033,840,3,52,211,3,70,4,11,0
1033,841,3,40,51,19,69,17,11,0
1033,844,2,20,6,6,69,11,11,0
1033,846,2,35,1,8,69,13,11,0
1033,847,3,50,3,12,69,18,11,0
1033,848,2,34,9,13,70,5,11,0
1033,849,5,52,3,15,65,19,11,0
1034,1,1,13,131,1,52,1,9,1
1034,8,2,47,51,16,51,17,9,0
1034,20,1,12,6,10,52,10,9,0
1034,154,1,36,210,17,52,16,9,0
1034,817,1,12,4,8,52,4,9,0
1034,822,2,50,131,2,52,11,9,0
1034,830,2,50,9,3,52,2,9,1
1034,832,2,51,1,7,52,13,9,0
1034,839,1,12,4,9,52,6,9,0
1034,840,1,13,211,6,52,9,9,0
1034,841,1,12,51,15,52,14,9,0
1034,842,1,12,213,11,52,7,9,0
1034,844,1,13,6,4,52,3,9,1
1034,846,1,12,1,5,52,5,9,0
1034,847,1,12,3,20,52,12,9,0
1034,848,2,30,9,12,52,8,9,0
1034,849,1,12,3,18,52,15,9,0
1035,1,2,41,131,2,52,2,9,1
1035,8,1,26,51,20,51,15,9,0
1035,20,2,33,6,11,52,12,9,0
1035,154,2,38,210,13,51,16,9,0
1035,807,3,44,211,3,52,7,9,0
1035,817,3,35,4,5,51,14,9,0
1035,822,2,32,131,1,52,3,9,1
1035,826,2,35,213,16,52,10,9,0
1035,830,2,32,9,4,52,1,9,1
1035,832,2,34,1,12,52,13,9,0
1035,839,1,22,4,14,52,8,9,0
1035,840,2,31,211,6,52,6,9,0
1035,841,2,33,51,19,51,17,9,0
1035,842,2,23,213,7,52,11,9,0
1035,844,1,18,6,8,52,4,9,0
1035,846,2,29,1,10,52,9,9,0
1035,847,3,39,3,15,51,18,9,0
1035,848,2,30,9,9,52,5,9,0
1035,849,3,46,3,18,51,19,9,0
1036,1,2,50,131,1,66,1,4,1
1036,8,2,44,51,14,65,14,4,0
1036,20,1,29,6,11,65,7,4,0
1036,154,2,62,210,17,64,19,4,0
1036,815,1,29,211,4,65,5,4,0
1036,817,1,35,4,13,65,11,4,0
1036,822,3,64,131,2,66,3,4,1
1036,825,1,28,210,16,65,15,4,0
1036,826,2,45,213,12,65,12,4,0
1036,830,2,41,9,3,66,2,4,1
1036,832,2,41,1,7,65,6,4,0
1036,839,1,34,4,15,65,13,4,0
1036,840,2,42,211,5,65,4,4,0
1036,841,2,45,51,20,65,16,4,0
1036,842,2,42,213,10,65,9,4,0
1036,846,2,44,1,8,65,10,4,0
1036,847,2,35,3,18,65,17,4,0
1036,848,2,39,9,6,65,8,4,0
1036,849,2,49,3,19,64,18,4,0
1037,1,1,11,131,1,44,1,13,1
1037,8,1,10,51,16,44,12,13,0
1037,20,1,11,6,14,44,13,13,0
1037,154,1,10,210,17,44,15,13,0
1037,815,1,18,211,8,44,10,13,0
1037,817,1,11,4,4,44,4,13,0
1037,822,1,11,131,2,44,2,13,1
1037,825,2,35,210,20,44,17,13,0
1037,826,1,11,213,11,44,11,13,0
1037,830,1,11,9,3,44,3,13,1
1037,839,1,11,4,6,44,5,13,0
1037,840,1,11,211,9,44,9,13,0
1037,842,1,26,213,12,44,8,13,0
1037,844,2,24,6,13,44,14,13,0
1037,846,1,11,1,10,44,7,13,0
1037,848,1,11,9,5,44,6,13,0
1037,849,2,30,3,19,44,16,13,0
1038,1,3,28,131,1,53,7,14,0
1038,8,2,26,51,14,53,13,14,0
1038,154,2,26,210,16,53,12,14,0
1038,815,2,26,211,4,53,10,14,0
1038,817,2,26,4,7,53,6,14,0
1038,822,2,26,131,2,53,5,14,0
1038,826,2,26,213,11,53,9,14,0
1038,832,2,26,1,3,53,2,14,1
1038,839,2,26,4,12,53,8,14,0
1038,840,1,26,211,8,53,3,14,1
1038,841,3,30,51,18,53,16,14,0
1038,842,2,26,213,10,53,1,14,1
1038,846,2,26,1,6,53,4,14,0
1038,847,2,26,3,19,53,14,14,0
1038,848,2,26,9,9,53,15,14,0
1038,849,2,26,3,20,53,11,14,0
1039,1,5,45,131,1,59,1,76,1
1039,8,6,44,51,13,59,9,76,0
1039,20,6,45,6,14,59,10,76,0
1039,154,5,44,210,15,59,12,76,0
1039,815,5,45,211,7,59,5,76,0
1039,817,5,45,4,8,59,4,76,0
1039,822,5,45,131,2,59,2,76,1
1039,826,5,45,213,12,59,7,76,0
1039,844,5,45,6,5,59,8,76,0
1039,846,5,45,1,11,59,6,76,0
1039,847,5,45,3,18,59,11,76,0
1039,848,5,45,9,4,59,3,76,1
1040,1,1,16,131,1,53,3,71,1
1040,8,1,35,51,19,52,14,71,0
1040,20,1,30,6,14,52,13,71,0
1040,154,2,42,210,16,52,17,71,0
1040,815,1,20,211,4,53,4,71,0
1040,817,1,15,4,5,53,5,71,0
1040,822,1,26,131,3,53,1,71,1
1040,825,1,19,210,18,52,12,71,0
1040,826,1,30,213,11,53,8,71,0
1040,830,1,25,9,2,53,2,71,1
1040,839,1,18,4,7,53,7,71,0
1040,841,1,16,51,17,52,11,71,0
1040,842,2,42,213,9,53,9,71,0
1040,844,1,28,6,10,53,6,71,0
1040,846,2,47,1,8,52,15,71,0
1040,847,3,50,3,13,52,18,71,0
1040,848,2,27,9,15,53,10,71,0
1040,849,1,17,3,20,52,16,71,0
1041,1,2,45,131,2,60,1,20,1
1041,8,2,44,51,19,60,12,20,0
1041,20,2,41,6,11,60,11,20,0
1041,154,1,28,210,16,60,9,20,0
1041,807,2,44,211,20,60,8,20,0
1041,815,2,45,211,9,60,4,20,0
1041,817,2,44,4,6,60,3,20,1
1041,825,2,34,210,15,60,13,20,0
1041,826,2,44,213,13,60,15,20,0
1041,830,2,45,9,3,60,2,20,1
1041,832,2,44,1,10,60,5,20,0
1041,841,2,36,51,14,60,10,20,0
1041,842,2,44,213,12,60,6,20,0
1041,844,2,35,6,4,60,7,20,0
1041,849,2,33,3,18,60,14,20,0
1042,1,1,40,131,1,66,1,75,1
1042,8,1,11,51,16,65,11,75,0
1042,20,1,27,6,15,65,10,75,0
1042,154,1,26,210,18,65,17,75,0
1042,815,2,45,211,5,65,7,75,0
1042,817,1,14,4,10,65,9,75,0
1042,822,1,41,131,2,66,2,75,1
1042,825,1,31,210,19,65,16,75,0
1042,826,2,55,213,13,64,19,75,0
1042,830,1,23,9,3,66,3,75,1
1042,832,1,26,1,7,65,6,75,0
1042,839,1,53,4,11,65,8,75,0
1042,841,1,28,51,17,65,15,75,0
1042,842,1,28,213,9,65,5,75,0
1042,844,1,34,6,4,66,4,75,0
1042,846,2,43,1,8,65,13,75,0
1042,847,1,36,3,14,65,14,75,0
1042,848,2,46,9,6,65,12,75,0
1042,849,1,24,3,20,64,18,75,0
1043,1,2,52,131,2,63,1,21,1
1043,8,1,48,51,18,63,9,21,0
1043,20,2,51,6,14,63,12,21,0
1043,154,2,50,210,16,63,14,21,0
1043,815,2,51,211,11,63,6,21,0
1043,817,1,14,4,5,63,3,21,1
1043,822,2,51,131,1,63,2,21,1
1043,826,2,51,213,8,63,4,21,0
1043,832,2,51,1,10,63,7,21,0
1043,840,3,52,211,15,63,13,21,0
1043,841,1,10,51,20,63,10,21,0
1043,844,1,13,6,7,63,5,21,0
1043,846,2,53,1,9,63,8,21,0
1043,848,2,59,9,6,63,15,21,0
1043,849,1,34,3,19,63,11,21,0
1044,1,1,8,131,6,58,1,5,1
1044,8,3,50,51,8,57,15,5,0
1044,20,2,33,6,11,58,3,5,1
1044,815,1,10,211,3,58,2,5,1
1044,817,2,32,4,5,58,10,5,0
1044,822,2,46,131,9,57,14,5,0
1044,825,2,34,210,13,55,17,5,0
1044,826,1,8,213,16,57,12,5,0
1044,830,3,43,9,2,58,6,5,0
1044,832,2,33,1,15,58,5,5,0
1044,839,2,10,4,7,57,11,5,0
1044,840,2,36,211,1,58,9,5,0
1044,842,2,33,213,19,57,13,5,0
1044,844,2,30,6,12,58,4,5,0
1044,846,2,36,1,14,58,8,5,0
1044,847,2,42,3,0,57,16,5,0
1044,848,2,34,9,4,58,7,5,0
1045,1,3,35,131,1,57,1,3,1
1045,8,3,40,51,17,56,15,3,0
1045,20,3,39,6,11,56,13,3,0
1045,815,3,36,211,5,53,18,3,0
1045,817,3,36,4,6,57,7,3,0
1045,822,4,38,131,2,57,8,3,0
1045,825,4,53,210,18,56,17,3,0
1045,826,3,33,213,10,56,11,3,0
1045,830,4,46,9,3,57,2,3,1
1045,832,3,39,1,15,57,5,3,0
1045,839,3,34,4,7,57,9,3,0
1045,841,3,53,51,16,56,16,3,0
1045,842,2,25,213,8,57,6,3,0
1045,844,3,40,6,12,56,10,3,0
1045,846,3,38,1,9,57,4,3,0
1045,847,3,39,3,14,56,12,3,0
1045,848,3,34,9,4,57,3,3,1
1045,849,3,37,3,20,56,14,3,0
1046,8,3,62,51,18,87,14,3,0
1046,20,3,63,6,13,87,12,3,0
1046,815,2,47,211,5,87,1,3,1
1046,817,2,55,4,7,87,5,3,0
1046,822,2,62,131,1,87,8,3,0
1046,825,2,54,210,15,87,15,3,0
1046,826,2,53,213,6,87,7,3,0
1046,832,2,55,1,8,87,4,3,0
1046,839,1,41,4,11,87,2,3,1
1046,840,1,42,211,10,87,3,3,1
1046,841,2,54,51,14,87,13,3,0
1046,842,2,51,213,9,87,11,3,0
1046,846,2,54,1,19,87,10,3,0
1046,847,4,78,131,2,87,9,3,0
1046,848,2,62,9,12,87,6,3,0
1046,850,3,63,210,20,87,17,3,0
1046,851,3,59,3,17,87,16,3,0
1047,1,1,10,131,3,55,3,24,1
1047,8,1,10,51,15,54,12,24,0
1047,20,1,35,6,13,54,14,24,0
1047,817,1,39,4,11,55,7,24,0
1047,822,1,10,131,2,55,2,24,1
1047,825,2,47,210,20,54,18,24,0
1047,826,1,10,213,7,54,11,24,0
1047,830,1,10,9,1,55,1,24,1
1047,832,1,10,1,6,55,6,24,0
1047,839,1,10,4,10,55,9,24,0
1047,840,1,10,211,8,55,10,24,0
1047,841,1,27,51,14,54,16,24,0
1047,842,1,10,213,9,55,8,24,0
1047,844,1,22,6,12,54,13,24,0
1047,846,1,10,1,4,55,5,24,0
1047,847,1,10,3,16,54,15,24,0
1047,848,1,10,9,5,55,4,24,0
1047,849,2,35,3,18,54,17,24,0
1047,850,3,48,210,17,53,19,24,0
1052,1,2,28,131,2,56,1,3,1
1052,8,2,29,51,14,56,11,3,0
1052,20,1,24,117,20,55,15,3,0
1052,815,3,38,9,0,56,5,3,0
1052,817,2,32,1,6,56,7,3,0
1052,822,3,54,131,3,56,3,3,1
1052,830,2,39,9,1,56,2,3,1
1052,832,2,37,6,8,56,8,3,0
1052,839,2,31,214,16,55,13,3,0
1052,840,2,28,117,10,56,10,3,0
1052,841,2,30,51,12,55,12,3,0
1052,842,3,39,213,5,52,17,3,0
1052,844,2,32,6,4,56,6,3,0
1052,846,2,33,1,7,56,4,3,0
1052,847,2,36,3,15,55,14,3,0
1052,849,2,32,3,17,51,18,3,0
1052,852,2,33,213,13,56,9,3,0
1052,854,2,33,210,18,55,16,3,0
1053,1,4,33,131,1,63,2,21,1
1053,4,3,33,214,15,63,10,21,0
1053,8,3,33,51,16,63,13,21,0
1053,20,5,33,117,0,61,15,21,0
1053,815,2,33,9,2,63,11,21,0
1053,817,2,33,1,6,63,6,21,0
1053,830,2,33,9,3,63,1,21,1
1053,832,2,33,6,11,63,5,21,0
1053,839,5,33,214,9,63,9,21,0
1053,840,3,33,117,10,63,8,21,0
1053,841,4,40,51,17,62,14,21,0
1053,842,4,33,213,5,63,7,21,0
1053,844,2,33,6,4,63,4,21,0
1053,846,2,33,1,7,63,3,21,1
1053,852,3,33,213,20,63,12,21,0
1053,853,4,32,210,19,61,17,21,0
1053,854,4,32,210,18,61,16,21,0
1054,1,3,37,131,2,66,1,75,1
1054,4,3,40,214,13,66,8,75,0
1054,20,3,22,117,10,65,13,75,0
1054,815,3,51,9,4,66,4,75,0
1054,817,3,41,1,16,66,9,75,0
1054,822,4,63,131,1,66,3,75,1
1054,830,4,64,9,3,66,2,75,1
1054,832,3,21,6,5,66,11,75,0
1054,839,3,22,214,6,66,7,75,0
1054,840,3,39,117,17,65,14,75,0
1054,841,3,22,51,12,65,12,75,0
1054,842,3,24,213,9,66,10,75,0
1054,844,3,25,6,8,66,6,75,0
1054,846,3,22,1,7,66,5,75,0
1054,847,3,28,3,11,65,16,75,0
1054,849,3,24,3,18,64,18,75,0
1054,852,3,21,213,14,65,15,75,0
1054,853,4,43,210,20,64,19,75,0
1054,854,3,32,210,19,64,17,75,0
